order_id,order_dum,order_type,item,qty,facing,due_date,station,pod_id,status,finish_time,date,time_gen
0,0,1,17,4,-1,99999,-1,-1,-3,-1,1,360
1,0,1,128,8,-1,99999,-1,-1,-3,-1,1,360
2,0,1,5,1,-1,99999,-1,-1,-3,-1,1,360
3,0,1,371,2,-1,99999,-1,-1,-3,-1,1,360
4,0,1,160,2,-1,99999,-1,-1,-3,-1,1,360
5,0,1,6,6,-1,99999,-1,-1,-3,-1,1,360
6,1,1,9,2,-1,99999,-1,-1,-3,-1,1,360
7,1,1,14,5,-1,99999,-1,-1,-3,-1,1,360
8,2,1,43,6,-1,99999,-1,-1,-3,-1,1,360
9,2,1,169,12,-1,99999,-1,-1,-3,-1,1,360
10,2,1,5,2,-1,99999,-1,-1,-3,-1,1,360
11,3,1,14,12,-1,99999,-1,-1,-3,-1,1,360
12,4,1,15,9,-1,99999,-1,-1,-3,-1,1,420
13,4,1,458,7,-1,99999,-1,-1,-3,-1,1,420
14,5,1,48,6,-1,99999,-1,-1,-3,-1,1,420
15,5,1,262,6,-1,99999,-1,-1,-3,-1,1,420
16,6,1,54,6,-1,99999,-1,-1,-3,-1,1,600
17,6,1,156,2,-1,99999,-1,-1,-3,-1,1,600
18,6,1,7,2,-1,99999,-1,-1,-3,-1,1,600
19,7,1,393,10,-1,99999,-1,-1,-3,-1,1,600
20,8,1,335,10,-1,99999,-1,-1,-3,-1,1,600
21,8,1,19,10,-1,99999,-1,-1,-3,-1,1,600
22,9,1,3,5,-1,99999,-1,-1,-3,-1,1,660
23,9,1,9,6,-1,99999,-1,-1,-3,-1,1,660
24,9,1,2,12,-1,99999,-1,-1,-3,-1,1,660
25,9,1,327,2,-1,99999,-1,-1,-3,-1,1,660
26,9,1,6,10,-1,99999,-1,-1,-3,-1,1,660
27,10,1,29,10,-1,99999,-1,-1,-3,-1,1,660
28,10,1,13,3,-1,99999,-1,-1,-3,-1,1,660
29,10,1,5,6,-1,99999,-1,-1,-3,-1,1,660
30,10,1,338,6,-1,99999,-1,-1,-3,-1,1,660
31,10,1,178,8,-1,99999,-1,-1,-3,-1,1,660
32,10,1,49,5,-1,99999,-1,-1,-3,-1,1,660
33,10,1,330,12,-1,99999,-1,-1,-3,-1,1,660
34,10,1,114,6,-1,99999,-1,-1,-3,-1,1,660
35,10,1,105,1,-1,99999,-1,-1,-3,-1,1,660
36,10,1,35,7,-1,99999,-1,-1,-3,-1,1,660
37,10,1,14,5,-1,99999,-1,-1,-3,-1,1,660
38,10,1,154,9,-1,99999,-1,-1,-3,-1,1,660
39,10,1,47,8,-1,99999,-1,-1,-3,-1,1,660
40,10,1,117,7,-1,99999,-1,-1,-3,-1,1,660
41,10,1,93,8,-1,99999,-1,-1,-3,-1,1,660
42,11,1,4,4,-1,99999,-1,-1,-3,-1,1,660
43,11,1,59,2,-1,99999,-1,-1,-3,-1,1,660
44,11,1,364,7,-1,99999,-1,-1,-3,-1,1,660
45,11,1,0,9,-1,99999,-1,-1,-3,-1,1,660
46,11,1,9,8,-1,99999,-1,-1,-3,-1,1,660
47,11,1,46,5,-1,99999,-1,-1,-3,-1,1,660
48,11,1,3,3,-1,99999,-1,-1,-3,-1,1,660
49,12,1,8,7,-1,99999,-1,-1,-3,-1,1,720
50,12,1,37,8,-1,99999,-1,-1,-3,-1,1,720
51,12,1,35,3,-1,99999,-1,-1,-3,-1,1,720
52,13,1,46,8,-1,99999,-1,-1,-3,-1,1,720
53,13,1,71,4,-1,99999,-1,-1,-3,-1,1,720
54,13,1,12,10,-1,99999,-1,-1,-3,-1,1,720
55,13,1,135,7,-1,99999,-1,-1,-3,-1,1,720
56,13,1,105,8,-1,99999,-1,-1,-3,-1,1,720
57,13,1,20,6,-1,99999,-1,-1,-3,-1,1,720
58,13,1,102,10,-1,99999,-1,-1,-3,-1,1,720
59,13,1,2,12,-1,99999,-1,-1,-3,-1,1,720
60,13,1,361,3,-1,99999,-1,-1,-3,-1,1,720
61,13,1,188,6,-1,99999,-1,-1,-3,-1,1,720
62,13,1,29,12,-1,99999,-1,-1,-3,-1,1,720
63,13,1,93,7,-1,99999,-1,-1,-3,-1,1,720
64,13,1,8,12,-1,99999,-1,-1,-3,-1,1,720
65,13,1,26,12,-1,99999,-1,-1,-3,-1,1,720
66,13,1,5,4,-1,99999,-1,-1,-3,-1,1,720
67,13,1,98,7,-1,99999,-1,-1,-3,-1,1,720
68,14,1,26,6,-1,99999,-1,-1,-3,-1,1,720
69,15,1,65,8,-1,99999,-1,-1,-3,-1,1,780
70,15,1,18,7,-1,99999,-1,-1,-3,-1,1,780
71,15,1,180,10,-1,99999,-1,-1,-3,-1,1,780
72,15,1,36,6,-1,99999,-1,-1,-3,-1,1,780
73,16,1,2,3,-1,99999,-1,-1,-3,-1,1,780
74,16,1,324,6,-1,99999,-1,-1,-3,-1,1,780
75,17,1,23,4,-1,99999,-1,-1,-3,-1,1,840
76,18,1,188,8,-1,99999,-1,-1,-3,-1,1,840
77,18,1,70,12,-1,99999,-1,-1,-3,-1,1,840
78,18,1,62,9,-1,99999,-1,-1,-3,-1,1,840
79,18,1,114,10,-1,99999,-1,-1,-3,-1,1,840
80,18,1,35,2,-1,99999,-1,-1,-3,-1,1,840
81,18,1,43,2,-1,99999,-1,-1,-3,-1,1,840
82,18,1,154,8,-1,99999,-1,-1,-3,-1,1,840
83,18,1,99,8,-1,99999,-1,-1,-3,-1,1,840
84,19,1,37,10,-1,99999,-1,-1,-3,-1,1,840
85,19,1,2,8,-1,99999,-1,-1,-3,-1,1,840
86,19,1,63,9,-1,99999,-1,-1,-3,-1,1,840
87,19,1,26,7,-1,99999,-1,-1,-3,-1,1,840
88,20,1,12,10,-1,99999,-1,-1,-3,-1,1,900
89,21,1,64,4,-1,99999,-1,-1,-3,-1,1,960
90,21,1,116,4,-1,99999,-1,-1,-3,-1,1,960
91,22,1,2,9,-1,99999,-1,-1,-3,-1,1,960
92,22,1,4,6,-1,99999,-1,-1,-3,-1,1,960
93,22,1,450,10,-1,99999,-1,-1,-3,-1,1,960
94,22,1,23,3,-1,99999,-1,-1,-3,-1,1,960
95,22,1,0,6,-1,99999,-1,-1,-3,-1,1,960
96,23,1,76,4,-1,99999,-1,-1,-3,-1,1,960
97,24,1,38,4,-1,99999,-1,-1,-3,-1,1,960
98,25,1,27,2,-1,99999,-1,-1,-3,-1,1,1080
99,26,1,183,3,-1,99999,-1,-1,-3,-1,1,1080
100,26,1,489,8,-1,99999,-1,-1,-3,-1,1,1080
101,26,1,163,3,-1,99999,-1,-1,-3,-1,1,1080
102,26,1,15,9,-1,99999,-1,-1,-3,-1,1,1080
103,26,1,91,5,-1,99999,-1,-1,-3,-1,1,1080
104,26,1,1,5,-1,99999,-1,-1,-3,-1,1,1080
105,27,1,418,2,-1,99999,-1,-1,-3,-1,1,1140
106,27,1,1,10,-1,99999,-1,-1,-3,-1,1,1140
107,28,1,2,8,-1,99999,-1,-1,-3,-1,1,1140
108,29,1,307,9,-1,99999,-1,-1,-3,-1,1,1200
109,29,1,265,8,-1,99999,-1,-1,-3,-1,1,1200
110,29,1,0,3,-1,99999,-1,-1,-3,-1,1,1200
111,29,1,186,8,-1,99999,-1,-1,-3,-1,1,1200
112,29,1,2,9,-1,99999,-1,-1,-3,-1,1,1200
113,29,1,62,5,-1,99999,-1,-1,-3,-1,1,1200
114,29,1,29,6,-1,99999,-1,-1,-3,-1,1,1200
115,29,1,11,12,-1,99999,-1,-1,-3,-1,1,1200
116,29,1,99,8,-1,99999,-1,-1,-3,-1,1,1200
117,30,1,160,6,-1,99999,-1,-1,-3,-1,1,1200
118,30,1,1,5,-1,99999,-1,-1,-3,-1,1,1200
119,31,1,46,12,-1,99999,-1,-1,-3,-1,1,1260
120,31,1,23,6,-1,99999,-1,-1,-3,-1,1,1260
121,31,1,0,6,-1,99999,-1,-1,-3,-1,1,1260
122,31,1,261,8,-1,99999,-1,-1,-3,-1,1,1260
123,32,1,313,6,-1,99999,-1,-1,-3,-1,1,1260
124,32,1,11,2,-1,99999,-1,-1,-3,-1,1,1260
125,32,1,221,5,-1,99999,-1,-1,-3,-1,1,1260
126,32,1,44,6,-1,99999,-1,-1,-3,-1,1,1260
127,32,1,121,8,-1,99999,-1,-1,-3,-1,1,1260
128,32,1,28,2,-1,99999,-1,-1,-3,-1,1,1260
129,32,1,227,4,-1,99999,-1,-1,-3,-1,1,1260
130,33,1,53,4,-1,99999,-1,-1,-3,-1,1,1260
131,33,1,28,7,-1,99999,-1,-1,-3,-1,1,1260
132,33,1,48,8,-1,99999,-1,-1,-3,-1,1,1260
133,34,1,3,6,-1,99999,-1,-1,-3,-1,1,1320
134,34,1,142,6,-1,99999,-1,-1,-3,-1,1,1320
135,35,1,462,8,-1,99999,-1,-1,-3,-1,1,1320
136,36,1,96,1,-1,99999,-1,-1,-3,-1,1,1320
137,36,1,5,6,-1,99999,-1,-1,-3,-1,1,1320
138,36,1,23,6,-1,99999,-1,-1,-3,-1,1,1320
139,36,1,147,9,-1,99999,-1,-1,-3,-1,1,1320
140,36,1,32,4,-1,99999,-1,-1,-3,-1,1,1320
141,36,1,235,5,-1,99999,-1,-1,-3,-1,1,1320
142,36,1,35,8,-1,99999,-1,-1,-3,-1,1,1320
143,36,1,489,4,-1,99999,-1,-1,-3,-1,1,1320
144,36,1,0,9,-1,99999,-1,-1,-3,-1,1,1320
145,36,1,58,9,-1,99999,-1,-1,-3,-1,1,1320
146,36,1,19,6,-1,99999,-1,-1,-3,-1,1,1320
147,36,1,10,6,-1,99999,-1,-1,-3,-1,1,1320
148,36,1,28,9,-1,99999,-1,-1,-3,-1,1,1320
149,37,1,271,6,-1,99999,-1,-1,-3,-1,1,1380
150,38,1,129,10,-1,99999,-1,-1,-3,-1,1,1380
151,38,1,116,5,-1,99999,-1,-1,-3,-1,1,1380
152,38,1,470,9,-1,99999,-1,-1,-3,-1,1,1380
153,38,1,295,9,-1,99999,-1,-1,-3,-1,1,1380
154,38,1,34,6,-1,99999,-1,-1,-3,-1,1,1380
155,39,1,2,1,-1,99999,-1,-1,-3,-1,1,1380
156,39,1,18,12,-1,99999,-1,-1,-3,-1,1,1380
157,39,1,36,7,-1,99999,-1,-1,-3,-1,1,1380
158,39,1,15,2,-1,99999,-1,-1,-3,-1,1,1380
159,40,1,52,9,-1,99999,-1,-1,-3,-1,1,1380
160,40,1,60,9,-1,99999,-1,-1,-3,-1,1,1380
161,40,1,321,4,-1,99999,-1,-1,-3,-1,1,1380
162,41,1,48,1,-1,99999,-1,-1,-3,-1,1,1440
163,41,1,25,4,-1,99999,-1,-1,-3,-1,1,1440
164,41,1,12,8,-1,99999,-1,-1,-3,-1,1,1440
165,42,1,53,8,-1,99999,-1,-1,-3,-1,1,1440
166,42,1,175,7,-1,99999,-1,-1,-3,-1,1,1440
167,43,1,3,4,-1,99999,-1,-1,-3,-1,1,1440
168,44,1,8,5,-1,99999,-1,-1,-3,-1,1,1440
169,45,1,2,8,-1,99999,-1,-1,-3,-1,1,1500
170,45,1,496,8,-1,99999,-1,-1,-3,-1,1,1500
171,46,1,22,6,-1,99999,-1,-1,-3,-1,1,1500
172,47,1,9,8,-1,99999,-1,-1,-3,-1,1,1500
173,47,1,13,11,-1,99999,-1,-1,-3,-1,1,1500
174,48,1,55,4,-1,99999,-1,-1,-3,-1,1,1560
175,48,1,0,8,-1,99999,-1,-1,-3,-1,1,1560
176,48,1,35,8,-1,99999,-1,-1,-3,-1,1,1560
177,48,1,36,6,-1,99999,-1,-1,-3,-1,1,1560
178,48,1,37,3,-1,99999,-1,-1,-3,-1,1,1560
179,48,1,485,9,-1,99999,-1,-1,-3,-1,1,1560
180,49,1,135,9,-1,99999,-1,-1,-3,-1,1,1560
181,50,1,23,7,-1,99999,-1,-1,-3,-1,1,1560
182,50,1,349,5,-1,99999,-1,-1,-3,-1,1,1560
183,50,1,1,10,-1,99999,-1,-1,-3,-1,1,1560
184,50,1,26,6,-1,99999,-1,-1,-3,-1,1,1560
185,50,1,85,2,-1,99999,-1,-1,-3,-1,1,1560
186,50,1,166,6,-1,99999,-1,-1,-3,-1,1,1560
187,50,1,8,8,-1,99999,-1,-1,-3,-1,1,1560
188,51,1,168,3,-1,99999,-1,-1,-3,-1,1,1620
189,52,1,139,10,-1,99999,-1,-1,-3,-1,1,1620
190,52,1,10,7,-1,99999,-1,-1,-3,-1,1,1620
191,53,1,107,7,-1,99999,-1,-1,-3,-1,1,1620
192,53,1,28,6,-1,99999,-1,-1,-3,-1,1,1620
193,53,1,74,9,-1,99999,-1,-1,-3,-1,1,1620
194,54,1,316,8,-1,99999,-1,-1,-3,-1,1,1680
195,55,1,94,6,-1,99999,-1,-1,-3,-1,1,1680
196,55,1,98,9,-1,99999,-1,-1,-3,-1,1,1680
197,56,1,240,6,-1,99999,-1,-1,-3,-1,1,1740
198,56,1,45,5,-1,99999,-1,-1,-3,-1,1,1740
199,57,1,20,1,-1,99999,-1,-1,-3,-1,1,1740
200,57,1,351,10,-1,99999,-1,-1,-3,-1,1,1740
201,57,1,14,9,-1,99999,-1,-1,-3,-1,1,1740
202,57,1,112,9,-1,99999,-1,-1,-3,-1,1,1740
203,57,1,33,6,-1,99999,-1,-1,-3,-1,1,1740
204,58,1,72,7,-1,99999,-1,-1,-3,-1,1,1800
205,59,1,195,8,-1,99999,-1,-1,-3,-1,1,1800
206,59,1,72,4,-1,99999,-1,-1,-3,-1,1,1800
207,60,1,22,4,-1,99999,-1,-1,-3,-1,1,1800
208,60,1,38,10,-1,99999,-1,-1,-3,-1,1,1800
209,60,1,299,8,-1,99999,-1,-1,-3,-1,1,1800
210,61,1,93,6,-1,99999,-1,-1,-3,-1,1,1860
211,62,1,38,8,-1,99999,-1,-1,-3,-1,1,1860
212,63,1,35,8,-1,99999,-1,-1,-3,-1,1,1860
213,63,1,6,10,-1,99999,-1,-1,-3,-1,1,1860
214,63,1,5,7,-1,99999,-1,-1,-3,-1,1,1860
215,63,1,186,12,-1,99999,-1,-1,-3,-1,1,1860
216,64,1,194,8,-1,99999,-1,-1,-3,-1,1,1920
217,64,1,391,10,-1,99999,-1,-1,-3,-1,1,1920
218,64,1,84,5,-1,99999,-1,-1,-3,-1,1,1920
219,64,1,12,5,-1,99999,-1,-1,-3,-1,1,1920
220,64,1,332,9,-1,99999,-1,-1,-3,-1,1,1920
221,64,1,66,6,-1,99999,-1,-1,-3,-1,1,1920
222,65,1,44,4,-1,99999,-1,-1,-3,-1,1,1920
223,65,1,36,2,-1,99999,-1,-1,-3,-1,1,1920
224,66,1,57,10,-1,99999,-1,-1,-3,-1,1,1920
225,66,1,478,2,-1,99999,-1,-1,-3,-1,1,1920
226,66,1,38,8,-1,99999,-1,-1,-3,-1,1,1920
227,66,1,145,7,-1,99999,-1,-1,-3,-1,1,1920
228,66,1,6,8,-1,99999,-1,-1,-3,-1,1,1920
229,66,1,26,5,-1,99999,-1,-1,-3,-1,1,1920
230,66,1,49,12,-1,99999,-1,-1,-3,-1,1,1920
231,67,1,6,8,-1,99999,-1,-1,-3,-1,1,1980
232,68,1,196,6,-1,99999,-1,-1,-3,-1,1,1980
233,68,1,3,6,-1,99999,-1,-1,-3,-1,1,1980
234,68,1,67,8,-1,99999,-1,-1,-3,-1,1,1980
235,69,1,30,7,-1,99999,-1,-1,-3,-1,1,2040
236,69,1,15,8,-1,99999,-1,-1,-3,-1,1,2040
237,70,1,74,2,-1,99999,-1,-1,-3,-1,1,2040
238,70,1,45,12,-1,99999,-1,-1,-3,-1,1,2040
239,71,1,71,2,-1,99999,-1,-1,-3,-1,1,2100
240,71,1,3,6,-1,99999,-1,-1,-3,-1,1,2100
241,72,1,35,9,-1,99999,-1,-1,-3,-1,1,2100
242,72,1,72,10,-1,99999,-1,-1,-3,-1,1,2100
243,72,1,15,12,-1,99999,-1,-1,-3,-1,1,2100
244,72,1,14,8,-1,99999,-1,-1,-3,-1,1,2100
245,73,1,19,6,-1,99999,-1,-1,-3,-1,1,2100
246,74,1,242,6,-1,99999,-1,-1,-3,-1,1,2100
247,75,1,24,2,-1,99999,-1,-1,-3,-1,1,2100
248,75,1,440,7,-1,99999,-1,-1,-3,-1,1,2100
249,75,1,29,11,-1,99999,-1,-1,-3,-1,1,2100
250,75,1,76,8,-1,99999,-1,-1,-3,-1,1,2100
251,75,1,135,8,-1,99999,-1,-1,-3,-1,1,2100
252,75,1,10,5,-1,99999,-1,-1,-3,-1,1,2100
253,75,1,83,5,-1,99999,-1,-1,-3,-1,1,2100
254,75,1,0,11,-1,99999,-1,-1,-3,-1,1,2100
255,75,1,16,5,-1,99999,-1,-1,-3,-1,1,2100
256,75,1,149,10,-1,99999,-1,-1,-3,-1,1,2100
257,76,1,38,11,-1,99999,-1,-1,-3,-1,1,2160
258,76,1,63,5,-1,99999,-1,-1,-3,-1,1,2160
259,76,1,47,12,-1,99999,-1,-1,-3,-1,1,2160
260,77,1,30,10,-1,99999,-1,-1,-3,-1,1,2160
261,77,1,6,8,-1,99999,-1,-1,-3,-1,1,2160
262,77,1,197,3,-1,99999,-1,-1,-3,-1,1,2160
263,78,1,123,9,-1,99999,-1,-1,-3,-1,1,2160
264,79,1,108,10,-1,99999,-1,-1,-3,-1,1,2160
265,79,1,12,8,-1,99999,-1,-1,-3,-1,1,2160
266,79,1,7,10,-1,99999,-1,-1,-3,-1,1,2160
267,79,1,18,8,-1,99999,-1,-1,-3,-1,1,2160
268,80,1,44,8,-1,99999,-1,-1,-3,-1,1,2220
269,80,1,139,12,-1,99999,-1,-1,-3,-1,1,2220
270,81,1,11,5,-1,99999,-1,-1,-3,-1,1,2220
271,81,1,2,6,-1,99999,-1,-1,-3,-1,1,2220
272,81,1,166,4,-1,99999,-1,-1,-3,-1,1,2220
273,82,1,2,2,-1,99999,-1,-1,-3,-1,1,2220
274,82,1,42,8,-1,99999,-1,-1,-3,-1,1,2220
275,82,1,81,11,-1,99999,-1,-1,-3,-1,1,2220
276,82,1,5,9,-1,99999,-1,-1,-3,-1,1,2220
277,82,1,17,3,-1,99999,-1,-1,-3,-1,1,2220
278,83,1,25,7,-1,99999,-1,-1,-3,-1,1,2220
279,83,1,41,2,-1,99999,-1,-1,-3,-1,1,2220
280,83,1,194,4,-1,99999,-1,-1,-3,-1,1,2220
281,83,1,48,4,-1,99999,-1,-1,-3,-1,1,2220
282,83,1,7,4,-1,99999,-1,-1,-3,-1,1,2220
283,83,1,10,6,-1,99999,-1,-1,-3,-1,1,2220
284,83,1,238,9,-1,99999,-1,-1,-3,-1,1,2220
285,83,1,428,3,-1,99999,-1,-1,-3,-1,1,2220
286,83,1,188,7,-1,99999,-1,-1,-3,-1,1,2220
287,83,1,6,9,-1,99999,-1,-1,-3,-1,1,2220
288,84,1,52,8,-1,99999,-1,-1,-3,-1,1,2280
289,84,1,25,7,-1,99999,-1,-1,-3,-1,1,2280
290,85,1,81,5,-1,99999,-1,-1,-3,-1,1,2340
291,86,1,7,7,-1,99999,-1,-1,-3,-1,1,2340
292,86,1,416,6,-1,99999,-1,-1,-3,-1,1,2340
293,87,1,8,8,-1,99999,-1,-1,-3,-1,1,2340
294,87,1,59,7,-1,99999,-1,-1,-3,-1,1,2340
295,88,1,4,6,-1,99999,-1,-1,-3,-1,1,2340
296,88,1,45,8,-1,99999,-1,-1,-3,-1,1,2340
297,88,1,66,8,-1,99999,-1,-1,-3,-1,1,2340
298,88,1,2,10,-1,99999,-1,-1,-3,-1,1,2340
299,88,1,5,8,-1,99999,-1,-1,-3,-1,1,2340
300,89,1,186,7,-1,99999,-1,-1,-3,-1,1,2400
301,90,1,4,4,-1,99999,-1,-1,-3,-1,1,2400
302,91,1,2,5,-1,99999,-1,-1,-3,-1,1,2460
303,91,1,46,4,-1,99999,-1,-1,-3,-1,1,2460
304,91,1,386,1,-1,99999,-1,-1,-3,-1,1,2460
305,91,1,132,12,-1,99999,-1,-1,-3,-1,1,2460
306,91,1,111,12,-1,99999,-1,-1,-3,-1,1,2460
307,92,1,298,8,-1,99999,-1,-1,-3,-1,1,2460
308,93,1,1,4,-1,99999,-1,-1,-3,-1,1,2520
309,94,1,26,4,-1,99999,-1,-1,-3,-1,1,2520
310,94,1,47,10,-1,99999,-1,-1,-3,-1,1,2520
311,94,1,5,7,-1,99999,-1,-1,-3,-1,1,2520
312,94,1,6,7,-1,99999,-1,-1,-3,-1,1,2520
313,95,1,133,5,-1,99999,-1,-1,-3,-1,1,2520
314,95,1,20,10,-1,99999,-1,-1,-3,-1,1,2520
315,95,1,102,12,-1,99999,-1,-1,-3,-1,1,2520
316,95,1,135,2,-1,99999,-1,-1,-3,-1,1,2520
317,95,1,21,9,-1,99999,-1,-1,-3,-1,1,2520
318,96,1,20,4,-1,99999,-1,-1,-3,-1,1,2640
319,96,1,153,4,-1,99999,-1,-1,-3,-1,1,2640
320,96,1,45,6,-1,99999,-1,-1,-3,-1,1,2640
321,96,1,26,5,-1,99999,-1,-1,-3,-1,1,2640
322,96,1,25,5,-1,99999,-1,-1,-3,-1,1,2640
323,96,1,0,3,-1,99999,-1,-1,-3,-1,1,2640
324,96,1,3,9,-1,99999,-1,-1,-3,-1,1,2640
325,96,1,36,10,-1,99999,-1,-1,-3,-1,1,2640
326,96,1,268,10,-1,99999,-1,-1,-3,-1,1,2640
327,97,1,31,5,-1,99999,-1,-1,-3,-1,1,2640
328,97,1,296,6,-1,99999,-1,-1,-3,-1,1,2640
329,97,1,2,4,-1,99999,-1,-1,-3,-1,1,2640
330,98,1,132,7,-1,99999,-1,-1,-3,-1,1,2640
331,98,1,391,5,-1,99999,-1,-1,-3,-1,1,2640
332,99,1,496,8,-1,99999,-1,-1,-3,-1,1,2640
333,99,1,17,1,-1,99999,-1,-1,-3,-1,1,2640
334,99,1,52,7,-1,99999,-1,-1,-3,-1,1,2640
335,99,1,25,7,-1,99999,-1,-1,-3,-1,1,2640
336,100,1,34,8,-1,99999,-1,-1,-3,-1,1,2700
337,100,1,29,4,-1,99999,-1,-1,-3,-1,1,2700
338,101,1,8,7,-1,99999,-1,-1,-3,-1,1,2700
339,101,1,46,9,-1,99999,-1,-1,-3,-1,1,2700
340,102,1,135,7,-1,99999,-1,-1,-3,-1,1,2700
341,103,1,45,2,-1,99999,-1,-1,-3,-1,1,2700
342,103,1,38,7,-1,99999,-1,-1,-3,-1,1,2700
343,104,1,271,7,-1,99999,-1,-1,-3,-1,1,2700
344,105,1,160,6,-1,99999,-1,-1,-3,-1,1,2760
345,105,1,1,2,-1,99999,-1,-1,-3,-1,1,2760
346,105,1,3,5,-1,99999,-1,-1,-3,-1,1,2760
347,105,1,19,2,-1,99999,-1,-1,-3,-1,1,2760
348,106,1,53,10,-1,99999,-1,-1,-3,-1,1,2820
349,106,1,397,6,-1,99999,-1,-1,-3,-1,1,2820
350,106,1,3,11,-1,99999,-1,-1,-3,-1,1,2820
351,107,1,3,6,-1,99999,-1,-1,-3,-1,1,2820
352,107,1,315,1,-1,99999,-1,-1,-3,-1,1,2820
353,108,1,40,9,-1,99999,-1,-1,-3,-1,1,2820
354,108,1,32,7,-1,99999,-1,-1,-3,-1,1,2820
355,108,1,129,6,-1,99999,-1,-1,-3,-1,1,2820
356,108,1,246,6,-1,99999,-1,-1,-3,-1,1,2820
357,108,1,23,4,-1,99999,-1,-1,-3,-1,1,2820
358,108,1,43,12,-1,99999,-1,-1,-3,-1,1,2820
359,109,1,383,3,-1,99999,-1,-1,-3,-1,1,2820
360,109,1,66,8,-1,99999,-1,-1,-3,-1,1,2820
361,109,1,73,4,-1,99999,-1,-1,-3,-1,1,2820
362,109,1,24,7,-1,99999,-1,-1,-3,-1,1,2820
363,109,1,169,7,-1,99999,-1,-1,-3,-1,1,2820
364,109,1,1,1,-1,99999,-1,-1,-3,-1,1,2820
365,109,1,10,5,-1,99999,-1,-1,-3,-1,1,2820
366,110,1,6,3,-1,99999,-1,-1,-3,-1,1,2820
367,110,1,33,7,-1,99999,-1,-1,-3,-1,1,2820
368,110,1,143,10,-1,99999,-1,-1,-3,-1,1,2820
369,110,1,2,4,-1,99999,-1,-1,-3,-1,1,2820
370,111,1,37,2,-1,99999,-1,-1,-3,-1,1,2880
371,111,1,22,6,-1,99999,-1,-1,-3,-1,1,2880
372,111,1,47,8,-1,99999,-1,-1,-3,-1,1,2880
373,111,1,18,4,-1,99999,-1,-1,-3,-1,1,2880
374,111,1,19,6,-1,99999,-1,-1,-3,-1,1,2880
375,111,1,4,9,-1,99999,-1,-1,-3,-1,1,2880
376,111,1,48,3,-1,99999,-1,-1,-3,-1,1,2880
377,111,1,30,12,-1,99999,-1,-1,-3,-1,1,2880
378,111,1,15,7,-1,99999,-1,-1,-3,-1,1,2880
379,111,1,89,5,-1,99999,-1,-1,-3,-1,1,2880
380,111,1,465,7,-1,99999,-1,-1,-3,-1,1,2880
381,111,1,88,2,-1,99999,-1,-1,-3,-1,1,2880
382,111,1,38,12,-1,99999,-1,-1,-3,-1,1,2880
383,111,1,14,10,-1,99999,-1,-1,-3,-1,1,2880
384,111,1,287,3,-1,99999,-1,-1,-3,-1,1,2880
385,111,1,192,10,-1,99999,-1,-1,-3,-1,1,2880
386,111,1,0,10,-1,99999,-1,-1,-3,-1,1,2880
387,112,1,1,5,-1,99999,-1,-1,-3,-1,1,2940
388,113,1,76,8,-1,99999,-1,-1,-3,-1,1,2940
389,113,1,42,8,-1,99999,-1,-1,-3,-1,1,2940
390,113,1,3,6,-1,99999,-1,-1,-3,-1,1,2940
391,113,1,367,4,-1,99999,-1,-1,-3,-1,1,2940
392,114,1,60,5,-1,99999,-1,-1,-3,-1,1,2940
393,114,1,351,11,-1,99999,-1,-1,-3,-1,1,2940
394,115,1,38,4,-1,99999,-1,-1,-3,-1,1,2940
395,115,1,310,8,-1,99999,-1,-1,-3,-1,1,2940
396,115,1,74,2,-1,99999,-1,-1,-3,-1,1,2940
397,115,1,181,6,-1,99999,-1,-1,-3,-1,1,2940
398,115,1,164,6,-1,99999,-1,-1,-3,-1,1,2940
399,115,1,17,12,-1,99999,-1,-1,-3,-1,1,2940
400,115,1,4,12,-1,99999,-1,-1,-3,-1,1,2940
401,115,1,172,10,-1,99999,-1,-1,-3,-1,1,2940
402,115,1,21,9,-1,99999,-1,-1,-3,-1,1,2940
403,115,1,8,8,-1,99999,-1,-1,-3,-1,1,2940
404,115,1,11,6,-1,99999,-1,-1,-3,-1,1,2940
405,115,1,1,7,-1,99999,-1,-1,-3,-1,1,2940
406,115,1,315,4,-1,99999,-1,-1,-3,-1,1,2940
407,115,1,27,7,-1,99999,-1,-1,-3,-1,1,2940
408,115,1,19,9,-1,99999,-1,-1,-3,-1,1,2940
409,115,1,52,4,-1,99999,-1,-1,-3,-1,1,2940
410,115,1,37,9,-1,99999,-1,-1,-3,-1,1,2940
411,116,1,3,1,-1,99999,-1,-1,-3,-1,1,3000
412,116,1,31,6,-1,99999,-1,-1,-3,-1,1,3000
413,116,1,33,8,-1,99999,-1,-1,-3,-1,1,3000
414,116,1,14,5,-1,99999,-1,-1,-3,-1,1,3000
415,117,1,7,10,-1,99999,-1,-1,-3,-1,1,3060
416,117,1,43,12,-1,99999,-1,-1,-3,-1,1,3060
417,117,1,21,4,-1,99999,-1,-1,-3,-1,1,3060
418,117,1,14,6,-1,99999,-1,-1,-3,-1,1,3060
419,118,1,41,8,-1,99999,-1,-1,-3,-1,1,3060
420,118,1,286,10,-1,99999,-1,-1,-3,-1,1,3060
421,118,1,387,11,-1,99999,-1,-1,-3,-1,1,3060
422,118,1,72,2,-1,99999,-1,-1,-3,-1,1,3060
423,118,1,413,8,-1,99999,-1,-1,-3,-1,1,3060
424,118,1,4,6,-1,99999,-1,-1,-3,-1,1,3060
425,119,1,61,9,-1,99999,-1,-1,-3,-1,1,3060
426,120,1,3,9,-1,99999,-1,-1,-3,-1,1,3060
427,121,1,310,10,-1,99999,-1,-1,-3,-1,1,3060
428,122,1,292,10,-1,99999,-1,-1,-3,-1,1,3060
429,122,1,68,8,-1,99999,-1,-1,-3,-1,1,3060
430,123,1,14,11,-1,99999,-1,-1,-3,-1,1,3060
431,123,1,22,10,-1,99999,-1,-1,-3,-1,1,3060
432,123,1,435,4,-1,99999,-1,-1,-3,-1,1,3060
433,123,1,173,7,-1,99999,-1,-1,-3,-1,1,3060
434,124,1,70,4,-1,99999,-1,-1,-3,-1,1,3120
435,124,1,9,5,-1,99999,-1,-1,-3,-1,1,3120
436,124,1,479,5,-1,99999,-1,-1,-3,-1,1,3120
437,124,1,4,8,-1,99999,-1,-1,-3,-1,1,3120
438,124,1,181,5,-1,99999,-1,-1,-3,-1,1,3120
439,124,1,11,9,-1,99999,-1,-1,-3,-1,1,3120
440,124,1,59,8,-1,99999,-1,-1,-3,-1,1,3120
441,124,1,172,4,-1,99999,-1,-1,-3,-1,1,3120
442,124,1,37,6,-1,99999,-1,-1,-3,-1,1,3120
443,124,1,20,5,-1,99999,-1,-1,-3,-1,1,3120
444,124,1,40,11,-1,99999,-1,-1,-3,-1,1,3120
445,125,1,8,2,-1,99999,-1,-1,-3,-1,1,3120
446,126,1,43,3,-1,99999,-1,-1,-3,-1,1,3120
447,127,1,422,4,-1,99999,-1,-1,-3,-1,1,3120
448,127,1,29,7,-1,99999,-1,-1,-3,-1,1,3120
449,128,1,365,7,-1,99999,-1,-1,-3,-1,1,3180
450,128,1,1,10,-1,99999,-1,-1,-3,-1,1,3180
451,128,1,475,6,-1,99999,-1,-1,-3,-1,1,3180
452,129,1,1,7,-1,99999,-1,-1,-3,-1,1,3180
453,129,1,14,10,-1,99999,-1,-1,-3,-1,1,3180
454,129,1,96,5,-1,99999,-1,-1,-3,-1,1,3180
455,130,1,5,4,-1,99999,-1,-1,-3,-1,1,3180
456,130,1,8,6,-1,99999,-1,-1,-3,-1,1,3180
457,131,1,119,11,-1,99999,-1,-1,-3,-1,1,3240
458,132,1,25,10,-1,99999,-1,-1,-3,-1,1,3240
459,132,1,366,6,-1,99999,-1,-1,-3,-1,1,3240
460,132,1,40,6,-1,99999,-1,-1,-3,-1,1,3240
461,133,1,85,4,-1,99999,-1,-1,-3,-1,1,3240
462,133,1,104,3,-1,99999,-1,-1,-3,-1,1,3240
463,133,1,212,4,-1,99999,-1,-1,-3,-1,1,3240
464,134,1,90,11,-1,99999,-1,-1,-3,-1,1,3300
465,134,1,33,5,-1,99999,-1,-1,-3,-1,1,3300
466,134,1,144,6,-1,99999,-1,-1,-3,-1,1,3300
467,134,1,101,7,-1,99999,-1,-1,-3,-1,1,3300
468,134,1,25,9,-1,99999,-1,-1,-3,-1,1,3300
469,135,1,13,7,-1,99999,-1,-1,-3,-1,1,3300
470,136,1,8,9,-1,99999,-1,-1,-3,-1,1,3300
471,136,1,128,10,-1,99999,-1,-1,-3,-1,1,3300
472,137,1,37,7,-1,99999,-1,-1,-3,-1,1,3360
473,138,1,0,4,-1,99999,-1,-1,-3,-1,1,3360
474,138,1,3,7,-1,99999,-1,-1,-3,-1,1,3360
475,139,1,34,9,-1,99999,-1,-1,-3,-1,1,3420
476,139,1,37,8,-1,99999,-1,-1,-3,-1,1,3420
477,139,1,0,4,-1,99999,-1,-1,-3,-1,1,3420
478,140,1,116,7,-1,99999,-1,-1,-3,-1,1,3420
479,140,1,119,10,-1,99999,-1,-1,-3,-1,1,3420
480,140,1,31,4,-1,99999,-1,-1,-3,-1,1,3420
481,141,1,24,5,-1,99999,-1,-1,-3,-1,1,3480
482,142,1,146,10,-1,99999,-1,-1,-3,-1,1,3480
483,142,1,1,6,-1,99999,-1,-1,-3,-1,1,3480
484,142,1,6,4,-1,99999,-1,-1,-3,-1,1,3480
485,143,1,21,7,-1,99999,-1,-1,-3,-1,1,3480
486,143,1,2,5,-1,99999,-1,-1,-3,-1,1,3480
487,143,1,6,8,-1,99999,-1,-1,-3,-1,1,3480
488,144,1,4,3,-1,99999,-1,-1,-3,-1,1,3540
489,145,1,258,4,-1,99999,-1,-1,-3,-1,1,3540
490,146,1,158,4,-1,99999,-1,-1,-3,-1,1,3540
491,147,1,92,7,-1,99999,-1,-1,-3,-1,1,3540
492,147,1,170,11,-1,99999,-1,-1,-3,-1,1,3540
493,147,1,16,2,-1,99999,-1,-1,-3,-1,1,3540
494,147,1,2,12,-1,99999,-1,-1,-3,-1,1,3540
495,147,1,315,6,-1,99999,-1,-1,-3,-1,1,3540
496,148,1,10,9,-1,99999,-1,-1,-3,-1,1,3600
497,148,1,19,5,-1,99999,-1,-1,-3,-1,1,3600
498,149,1,10,10,-1,99999,-1,-1,-3,-1,1,3600
499,149,1,38,2,-1,99999,-1,-1,-3,-1,1,3600
500,149,1,196,6,-1,99999,-1,-1,-3,-1,1,3600
501,149,1,19,8,-1,99999,-1,-1,-3,-1,1,3600
502,149,1,94,8,-1,99999,-1,-1,-3,-1,1,3600
503,149,1,42,7,-1,99999,-1,-1,-3,-1,1,3600
504,149,1,177,11,-1,99999,-1,-1,-3,-1,1,3600
505,149,1,36,3,-1,99999,-1,-1,-3,-1,1,3600
506,149,1,41,12,-1,99999,-1,-1,-3,-1,1,3600
507,149,1,16,8,-1,99999,-1,-1,-3,-1,1,3600
508,149,1,322,4,-1,99999,-1,-1,-3,-1,1,3600
509,150,1,38,7,-1,99999,-1,-1,-3,-1,1,3600
510,151,1,80,6,-1,99999,-1,-1,-3,-1,1,3600
511,151,1,93,4,-1,99999,-1,-1,-3,-1,1,3600
512,152,1,0,6,-1,99999,-1,-1,-3,-1,1,3660
513,152,1,19,12,-1,99999,-1,-1,-3,-1,1,3660
514,152,1,12,8,-1,99999,-1,-1,-3,-1,1,3660
515,153,1,33,7,-1,99999,-1,-1,-3,-1,1,3720
516,154,1,107,12,-1,99999,-1,-1,-3,-1,1,3720
517,155,1,3,4,-1,99999,-1,-1,-3,-1,1,3780
518,156,1,35,6,-1,99999,-1,-1,-3,-1,1,3780
519,156,1,33,4,-1,99999,-1,-1,-3,-1,1,3780
520,156,1,47,7,-1,99999,-1,-1,-3,-1,1,3780
521,156,1,1,10,-1,99999,-1,-1,-3,-1,1,3780
522,157,1,43,3,-1,99999,-1,-1,-3,-1,1,3840
523,157,1,305,4,-1,99999,-1,-1,-3,-1,1,3840
524,157,1,195,6,-1,99999,-1,-1,-3,-1,1,3840
525,158,1,183,8,-1,99999,-1,-1,-3,-1,1,3840
526,158,1,27,5,-1,99999,-1,-1,-3,-1,1,3840
527,158,1,5,8,-1,99999,-1,-1,-3,-1,1,3840
528,158,1,18,7,-1,99999,-1,-1,-3,-1,1,3840
529,158,1,119,6,-1,99999,-1,-1,-3,-1,1,3840
530,158,1,34,5,-1,99999,-1,-1,-3,-1,1,3840
531,158,1,99,8,-1,99999,-1,-1,-3,-1,1,3840
532,158,1,9,6,-1,99999,-1,-1,-3,-1,1,3840
533,159,1,25,9,-1,99999,-1,-1,-3,-1,1,3840
534,159,1,172,6,-1,99999,-1,-1,-3,-1,1,3840
535,160,1,47,9,-1,99999,-1,-1,-3,-1,1,3840
536,160,1,43,10,-1,99999,-1,-1,-3,-1,1,3840
537,160,1,46,8,-1,99999,-1,-1,-3,-1,1,3840
538,160,1,67,12,-1,99999,-1,-1,-3,-1,1,3840
539,161,1,19,10,-1,99999,-1,-1,-3,-1,1,3840
540,161,1,4,6,-1,99999,-1,-1,-3,-1,1,3840
541,162,1,17,7,-1,99999,-1,-1,-3,-1,1,3840
542,163,1,83,8,-1,99999,-1,-1,-3,-1,1,3840
543,163,1,5,2,-1,99999,-1,-1,-3,-1,1,3840
544,163,1,25,8,-1,99999,-1,-1,-3,-1,1,3840
545,164,1,46,6,-1,99999,-1,-1,-3,-1,1,3540
546,164,1,164,10,-1,99999,-1,-1,-3,-1,1,3540
547,165,1,68,8,-1,99999,-1,-1,-3,-1,1,3600
548,165,1,32,10,-1,99999,-1,-1,-3,-1,1,3600
549,166,1,16,6,-1,99999,-1,-1,-3,-1,1,3600
550,167,1,190,3,-1,99999,-1,-1,-3,-1,1,3600
551,167,1,265,8,-1,99999,-1,-1,-3,-1,1,3600
552,167,1,45,8,-1,99999,-1,-1,-3,-1,1,3600
553,168,1,46,6,-1,99999,-1,-1,-3,-1,1,3600
554,168,1,170,10,-1,99999,-1,-1,-3,-1,1,3600
555,168,1,18,6,-1,99999,-1,-1,-3,-1,1,3600
556,168,1,28,4,-1,99999,-1,-1,-3,-1,1,3600
557,168,1,128,6,-1,99999,-1,-1,-3,-1,1,3600
558,168,1,40,5,-1,99999,-1,-1,-3,-1,1,3600
559,168,1,269,2,-1,99999,-1,-1,-3,-1,1,3600
560,168,1,8,9,-1,99999,-1,-1,-3,-1,1,3600
561,168,1,7,10,-1,99999,-1,-1,-3,-1,1,3600
562,168,1,61,4,-1,99999,-1,-1,-3,-1,1,3600
563,169,1,2,6,-1,99999,-1,-1,-3,-1,1,3600
564,170,1,274,7,-1,99999,-1,-1,-3,-1,1,3600
565,170,1,115,4,-1,99999,-1,-1,-3,-1,1,3600
566,170,1,5,4,-1,99999,-1,-1,-3,-1,1,3600
567,171,1,25,9,-1,99999,-1,-1,-3,-1,1,3660
568,171,1,38,10,-1,99999,-1,-1,-3,-1,1,3660
569,171,1,108,2,-1,99999,-1,-1,-3,-1,1,3660
570,171,1,28,7,-1,99999,-1,-1,-3,-1,1,3660
571,171,1,39,7,-1,99999,-1,-1,-3,-1,1,3660
572,171,1,492,7,-1,99999,-1,-1,-3,-1,1,3660
573,171,1,33,8,-1,99999,-1,-1,-3,-1,1,3660
574,172,1,293,8,-1,99999,-1,-1,-3,-1,1,3660
575,173,1,124,8,-1,99999,-1,-1,-3,-1,1,3660
576,174,1,135,8,-1,99999,-1,-1,-3,-1,1,3660
577,175,1,13,10,-1,99999,-1,-1,-3,-1,1,3720
578,176,1,169,5,-1,99999,-1,-1,-3,-1,1,3720
579,176,1,55,8,-1,99999,-1,-1,-3,-1,1,3720
580,177,1,23,2,-1,99999,-1,-1,-3,-1,1,3720
581,177,1,126,4,-1,99999,-1,-1,-3,-1,1,3720
582,177,1,364,8,-1,99999,-1,-1,-3,-1,1,3720
583,177,1,463,9,-1,99999,-1,-1,-3,-1,1,3720
584,177,1,29,7,-1,99999,-1,-1,-3,-1,1,3720
585,178,1,33,8,-1,99999,-1,-1,-3,-1,1,3780
586,179,1,108,8,-1,99999,-1,-1,-3,-1,1,3780
587,179,1,25,5,-1,99999,-1,-1,-3,-1,1,3780
588,179,1,180,9,-1,99999,-1,-1,-3,-1,1,3780
589,179,1,54,6,-1,99999,-1,-1,-3,-1,1,3780
590,179,1,76,3,-1,99999,-1,-1,-3,-1,1,3780
591,179,1,55,12,-1,99999,-1,-1,-3,-1,1,3780
592,179,1,29,8,-1,99999,-1,-1,-3,-1,1,3780
593,179,1,5,9,-1,99999,-1,-1,-3,-1,1,3780
594,180,1,280,4,-1,99999,-1,-1,-3,-1,1,3780
595,180,1,12,8,-1,99999,-1,-1,-3,-1,1,3780
596,181,1,78,3,-1,99999,-1,-1,-3,-1,1,3840
597,182,1,14,10,-1,99999,-1,-1,-3,-1,1,3840
598,183,1,4,5,-1,99999,-1,-1,-3,-1,1,3900
599,183,1,39,9,-1,99999,-1,-1,-3,-1,1,3900
600,183,1,18,10,-1,99999,-1,-1,-3,-1,1,3900
601,183,1,261,10,-1,99999,-1,-1,-3,-1,1,3900
602,183,1,149,9,-1,99999,-1,-1,-3,-1,1,3900
603,183,1,37,5,-1,99999,-1,-1,-3,-1,1,3900
604,183,1,5,4,-1,99999,-1,-1,-3,-1,1,3900
605,183,1,78,7,-1,99999,-1,-1,-3,-1,1,3900
606,184,1,48,10,-1,99999,-1,-1,-3,-1,1,3900
607,185,1,56,2,-1,99999,-1,-1,-3,-1,1,3900
608,185,1,45,10,-1,99999,-1,-1,-3,-1,1,3900
609,185,1,1,2,-1,99999,-1,-1,-3,-1,1,3900
610,186,1,14,3,-1,99999,-1,-1,-3,-1,1,3960
611,186,1,115,9,-1,99999,-1,-1,-3,-1,1,3960
612,187,1,1,10,-1,99999,-1,-1,-3,-1,1,3960
613,187,1,11,5,-1,99999,-1,-1,-3,-1,1,3960
614,187,1,7,10,-1,99999,-1,-1,-3,-1,1,3960
615,187,1,3,10,-1,99999,-1,-1,-3,-1,1,3960
616,187,1,17,6,-1,99999,-1,-1,-3,-1,1,3960
617,187,1,114,6,-1,99999,-1,-1,-3,-1,1,3960
618,187,1,45,6,-1,99999,-1,-1,-3,-1,1,3960
619,187,1,37,7,-1,99999,-1,-1,-3,-1,1,3960
620,187,1,27,6,-1,99999,-1,-1,-3,-1,1,3960
621,187,1,185,11,-1,99999,-1,-1,-3,-1,1,3960
622,187,1,23,6,-1,99999,-1,-1,-3,-1,1,3960
623,188,1,17,8,-1,99999,-1,-1,-3,-1,1,3960
624,188,1,22,8,-1,99999,-1,-1,-3,-1,1,3960
625,189,1,1,7,-1,99999,-1,-1,-3,-1,1,3960
626,189,1,22,6,-1,99999,-1,-1,-3,-1,1,3960
627,189,1,31,7,-1,99999,-1,-1,-3,-1,1,3960
628,189,1,0,7,-1,99999,-1,-1,-3,-1,1,3960
629,189,1,8,8,-1,99999,-1,-1,-3,-1,1,3960
630,190,1,1,9,-1,99999,-1,-1,-3,-1,1,4020
631,190,1,168,4,-1,99999,-1,-1,-3,-1,1,4020
632,190,1,107,2,-1,99999,-1,-1,-3,-1,1,4020
633,190,1,27,6,-1,99999,-1,-1,-3,-1,1,4020
634,191,1,45,12,-1,99999,-1,-1,-3,-1,1,4020
635,191,1,43,2,-1,99999,-1,-1,-3,-1,1,4020
636,191,1,6,8,-1,99999,-1,-1,-3,-1,1,4020
637,191,1,62,6,-1,99999,-1,-1,-3,-1,1,4020
638,192,1,9,2,-1,99999,-1,-1,-3,-1,1,4020
639,193,1,31,6,-1,99999,-1,-1,-3,-1,1,4020
640,193,1,37,5,-1,99999,-1,-1,-3,-1,1,4020
641,193,1,159,8,-1,99999,-1,-1,-3,-1,1,4020
642,194,1,103,8,-1,99999,-1,-1,-3,-1,1,4020
643,194,1,226,10,-1,99999,-1,-1,-3,-1,1,4020
644,194,1,35,6,-1,99999,-1,-1,-3,-1,1,4020
645,195,1,2,7,-1,99999,-1,-1,-3,-1,1,4080
646,196,1,105,4,-1,99999,-1,-1,-3,-1,1,4080
647,196,1,1,10,-1,99999,-1,-1,-3,-1,1,4080
648,196,1,35,7,-1,99999,-1,-1,-3,-1,1,4080
649,196,1,178,6,-1,99999,-1,-1,-3,-1,1,4080
650,196,1,346,5,-1,99999,-1,-1,-3,-1,1,4080
651,196,1,24,6,-1,99999,-1,-1,-3,-1,1,4080
652,196,1,46,4,-1,99999,-1,-1,-3,-1,1,4080
653,196,1,16,9,-1,99999,-1,-1,-3,-1,1,4080
654,197,1,52,10,-1,99999,-1,-1,-3,-1,1,4080
655,197,1,1,8,-1,99999,-1,-1,-3,-1,1,4080
656,197,1,45,10,-1,99999,-1,-1,-3,-1,1,4080
657,198,1,82,3,-1,99999,-1,-1,-3,-1,1,4140
658,198,1,13,2,-1,99999,-1,-1,-3,-1,1,4140
659,198,1,29,3,-1,99999,-1,-1,-3,-1,1,4140
660,198,1,245,10,-1,99999,-1,-1,-3,-1,1,4140
661,198,1,59,11,-1,99999,-1,-1,-3,-1,1,4140
662,198,1,64,6,-1,99999,-1,-1,-3,-1,1,4140
663,198,1,17,4,-1,99999,-1,-1,-3,-1,1,4140
664,198,1,19,2,-1,99999,-1,-1,-3,-1,1,4140
665,199,1,15,10,-1,99999,-1,-1,-3,-1,1,4200
666,200,1,96,7,-1,99999,-1,-1,-3,-1,1,4200
667,200,1,26,7,-1,99999,-1,-1,-3,-1,1,4200
668,200,1,156,7,-1,99999,-1,-1,-3,-1,1,4200
669,200,1,41,4,-1,99999,-1,-1,-3,-1,1,4200
670,200,1,35,9,-1,99999,-1,-1,-3,-1,1,4200
671,201,1,47,3,-1,99999,-1,-1,-3,-1,1,4200
672,202,1,28,4,-1,99999,-1,-1,-3,-1,1,4200
673,202,1,13,4,-1,99999,-1,-1,-3,-1,1,4200
674,203,1,146,9,-1,99999,-1,-1,-3,-1,1,4200
675,203,1,2,7,-1,99999,-1,-1,-3,-1,1,4200
676,203,1,9,3,-1,99999,-1,-1,-3,-1,1,4200
677,203,1,52,8,-1,99999,-1,-1,-3,-1,1,4200
678,204,1,20,9,-1,99999,-1,-1,-3,-1,1,4260
679,204,1,32,8,-1,99999,-1,-1,-3,-1,1,4260
680,204,1,192,8,-1,99999,-1,-1,-3,-1,1,4260
681,204,1,488,6,-1,99999,-1,-1,-3,-1,1,4260
682,204,1,0,8,-1,99999,-1,-1,-3,-1,1,4260
683,204,1,4,9,-1,99999,-1,-1,-3,-1,1,4260
684,204,1,37,5,-1,99999,-1,-1,-3,-1,1,4260
685,204,1,22,4,-1,99999,-1,-1,-3,-1,1,4260
686,204,1,2,6,-1,99999,-1,-1,-3,-1,1,4260
687,204,1,28,9,-1,99999,-1,-1,-3,-1,1,4260
688,204,1,10,10,-1,99999,-1,-1,-3,-1,1,4260
689,205,1,127,3,-1,99999,-1,-1,-3,-1,1,4260
690,205,1,14,6,-1,99999,-1,-1,-3,-1,1,4260
691,206,1,48,2,-1,99999,-1,-1,-3,-1,1,4260
692,206,1,154,11,-1,99999,-1,-1,-3,-1,1,4260
693,206,1,4,3,-1,99999,-1,-1,-3,-1,1,4260
694,206,1,82,12,-1,99999,-1,-1,-3,-1,1,4260
695,207,1,67,7,-1,99999,-1,-1,-3,-1,1,4260
696,207,1,58,9,-1,99999,-1,-1,-3,-1,1,4260
697,207,1,8,2,-1,99999,-1,-1,-3,-1,1,4260
698,208,1,112,12,-1,99999,-1,-1,-3,-1,1,4320
699,209,1,62,8,-1,99999,-1,-1,-3,-1,1,4320
700,209,1,204,8,-1,99999,-1,-1,-3,-1,1,4320
701,210,1,24,9,-1,99999,-1,-1,-3,-1,1,4320
702,210,1,113,9,-1,99999,-1,-1,-3,-1,1,4320
703,210,1,13,10,-1,99999,-1,-1,-3,-1,1,4320
704,211,1,360,10,-1,99999,-1,-1,-3,-1,1,4380
705,211,1,48,4,-1,99999,-1,-1,-3,-1,1,4380
706,212,1,173,4,-1,99999,-1,-1,-3,-1,1,4380
707,212,1,34,6,-1,99999,-1,-1,-3,-1,1,4380
708,213,1,13,9,-1,99999,-1,-1,-3,-1,1,4380
709,213,1,97,6,-1,99999,-1,-1,-3,-1,1,4380
710,214,1,104,8,-1,99999,-1,-1,-3,-1,1,4380
711,214,1,1,2,-1,99999,-1,-1,-3,-1,1,4380
712,215,1,1,7,-1,99999,-1,-1,-3,-1,1,4440
713,215,1,125,6,-1,99999,-1,-1,-3,-1,1,4440
714,215,1,96,11,-1,99999,-1,-1,-3,-1,1,4440
715,215,1,115,6,-1,99999,-1,-1,-3,-1,1,4440
716,215,1,42,6,-1,99999,-1,-1,-3,-1,1,4440
717,215,1,44,6,-1,99999,-1,-1,-3,-1,1,4440
718,215,1,16,8,-1,99999,-1,-1,-3,-1,1,4440
719,215,1,26,7,-1,99999,-1,-1,-3,-1,1,4440
720,216,1,26,4,-1,99999,-1,-1,-3,-1,1,4440
721,216,1,9,8,-1,99999,-1,-1,-3,-1,1,4440
722,216,1,21,10,-1,99999,-1,-1,-3,-1,1,4440
723,217,1,123,10,-1,99999,-1,-1,-3,-1,1,4440
724,218,1,98,2,-1,99999,-1,-1,-3,-1,1,4440
725,218,1,155,6,-1,99999,-1,-1,-3,-1,1,4440
726,218,1,44,8,-1,99999,-1,-1,-3,-1,1,4440
727,218,1,58,4,-1,99999,-1,-1,-3,-1,1,4440
728,219,1,41,2,-1,99999,-1,-1,-3,-1,1,4440
729,219,1,40,9,-1,99999,-1,-1,-3,-1,1,4440
730,220,1,14,12,-1,99999,-1,-1,-3,-1,1,4440
731,221,1,159,10,-1,99999,-1,-1,-3,-1,1,4500
732,221,1,22,4,-1,99999,-1,-1,-3,-1,1,4500
733,221,1,151,12,-1,99999,-1,-1,-3,-1,1,4500
734,221,1,32,10,-1,99999,-1,-1,-3,-1,1,4500
735,221,1,19,3,-1,99999,-1,-1,-3,-1,1,4500
736,221,1,0,11,-1,99999,-1,-1,-3,-1,1,4500
737,221,1,115,10,-1,99999,-1,-1,-3,-1,1,4500
738,221,1,251,6,-1,99999,-1,-1,-3,-1,1,4500
739,222,1,310,7,-1,99999,-1,-1,-3,-1,1,4500
740,223,1,20,11,-1,99999,-1,-1,-3,-1,1,4560
741,223,1,160,4,-1,99999,-1,-1,-3,-1,1,4560
742,223,1,107,5,-1,99999,-1,-1,-3,-1,1,4560
743,223,1,142,9,-1,99999,-1,-1,-3,-1,1,4560
744,223,1,116,8,-1,99999,-1,-1,-3,-1,1,4560
745,223,1,441,12,-1,99999,-1,-1,-3,-1,1,4560
746,223,1,97,1,-1,99999,-1,-1,-3,-1,1,4560
747,223,1,36,8,-1,99999,-1,-1,-3,-1,1,4560
748,223,1,17,2,-1,99999,-1,-1,-3,-1,1,4560
749,223,1,48,8,-1,99999,-1,-1,-3,-1,1,4560
750,223,1,9,7,-1,99999,-1,-1,-3,-1,1,4560
751,224,1,14,9,-1,99999,-1,-1,-3,-1,1,4560
752,225,1,112,7,-1,99999,-1,-1,-3,-1,1,4560
753,225,1,6,8,-1,99999,-1,-1,-3,-1,1,4560
754,226,1,1,6,-1,99999,-1,-1,-3,-1,1,4620
755,226,1,34,12,-1,99999,-1,-1,-3,-1,1,4620
756,226,1,11,7,-1,99999,-1,-1,-3,-1,1,4620
757,226,1,0,11,-1,99999,-1,-1,-3,-1,1,4620
758,226,1,253,6,-1,99999,-1,-1,-3,-1,1,4620
759,227,1,49,4,-1,99999,-1,-1,-3,-1,1,4620
760,228,1,327,4,-1,99999,-1,-1,-3,-1,1,4620
761,229,1,253,5,-1,99999,-1,-1,-3,-1,1,4620
762,230,1,44,10,-1,99999,-1,-1,-3,-1,1,4680
763,231,1,23,4,-1,99999,-1,-1,-3,-1,1,4740
764,232,1,92,10,-1,99999,-1,-1,-3,-1,1,4800
765,232,1,207,3,-1,99999,-1,-1,-3,-1,1,4800
766,232,1,13,7,-1,99999,-1,-1,-3,-1,1,4800
767,233,1,3,8,-1,99999,-1,-1,-3,-1,1,4800
768,233,1,62,6,-1,99999,-1,-1,-3,-1,1,4800
769,234,1,17,6,-1,99999,-1,-1,-3,-1,1,4800
770,235,1,42,10,-1,99999,-1,-1,-3,-1,1,4800
771,235,1,102,4,-1,99999,-1,-1,-3,-1,1,4800
772,235,1,45,5,-1,99999,-1,-1,-3,-1,1,4800
773,236,1,41,7,-1,99999,-1,-1,-3,-1,1,4860
774,236,1,305,7,-1,99999,-1,-1,-3,-1,1,4860
775,236,1,3,6,-1,99999,-1,-1,-3,-1,1,4860
776,236,1,147,6,-1,99999,-1,-1,-3,-1,1,4860
777,236,1,22,6,-1,99999,-1,-1,-3,-1,1,4860
778,237,1,27,10,-1,99999,-1,-1,-3,-1,1,4860
779,237,1,169,6,-1,99999,-1,-1,-3,-1,1,4860
780,237,1,49,4,-1,99999,-1,-1,-3,-1,1,4860
781,238,1,385,10,-1,99999,-1,-1,-3,-1,1,4920
782,238,1,37,10,-1,99999,-1,-1,-3,-1,1,4920
783,238,1,185,6,-1,99999,-1,-1,-3,-1,1,4920
784,239,1,1,8,-1,99999,-1,-1,-3,-1,1,4920
785,239,1,2,7,-1,99999,-1,-1,-3,-1,1,4920
786,239,1,422,4,-1,99999,-1,-1,-3,-1,1,4920
787,239,1,0,5,-1,99999,-1,-1,-3,-1,1,4920
788,240,1,301,4,-1,99999,-1,-1,-3,-1,1,4920
789,240,1,148,7,-1,99999,-1,-1,-3,-1,1,4920
790,240,1,37,6,-1,99999,-1,-1,-3,-1,1,4920
791,241,1,4,4,-1,99999,-1,-1,-3,-1,1,5040
792,241,1,1,8,-1,99999,-1,-1,-3,-1,1,5040
793,242,1,3,4,-1,99999,-1,-1,-3,-1,1,5040
794,242,1,89,7,-1,99999,-1,-1,-3,-1,1,5040
795,242,1,388,5,-1,99999,-1,-1,-3,-1,1,5040
796,243,1,127,4,-1,99999,-1,-1,-3,-1,1,5040
797,244,1,14,8,-1,99999,-1,-1,-3,-1,1,5100
798,245,1,44,4,-1,99999,-1,-1,-3,-1,1,5100
799,245,1,414,10,-1,99999,-1,-1,-3,-1,1,5100
800,245,1,9,4,-1,99999,-1,-1,-3,-1,1,5100
801,245,1,64,2,-1,99999,-1,-1,-3,-1,1,5100
802,245,1,33,4,-1,99999,-1,-1,-3,-1,1,5100
803,245,1,338,4,-1,99999,-1,-1,-3,-1,1,5100
804,245,1,0,8,-1,99999,-1,-1,-3,-1,1,5100
805,246,1,36,9,-1,99999,-1,-1,-3,-1,1,5100
806,247,1,183,9,-1,99999,-1,-1,-3,-1,1,5100
807,248,1,166,6,-1,99999,-1,-1,-3,-1,1,5160
808,248,1,233,8,-1,99999,-1,-1,-3,-1,1,5160
809,248,1,142,6,-1,99999,-1,-1,-3,-1,1,5160
810,248,1,2,4,-1,99999,-1,-1,-3,-1,1,5160
811,248,1,49,1,-1,99999,-1,-1,-3,-1,1,5160
812,249,1,134,7,-1,99999,-1,-1,-3,-1,1,5220
813,249,1,110,10,-1,99999,-1,-1,-3,-1,1,5220
814,249,1,86,8,-1,99999,-1,-1,-3,-1,1,5220
815,249,1,48,6,-1,99999,-1,-1,-3,-1,1,5220
816,249,1,65,3,-1,99999,-1,-1,-3,-1,1,5220
817,249,1,35,2,-1,99999,-1,-1,-3,-1,1,5220
818,249,1,6,5,-1,99999,-1,-1,-3,-1,1,5220
819,250,1,174,6,-1,99999,-1,-1,-3,-1,1,5220
820,251,1,111,6,-1,99999,-1,-1,-3,-1,1,5220
821,251,1,137,10,-1,99999,-1,-1,-3,-1,1,5220
822,251,1,188,12,-1,99999,-1,-1,-3,-1,1,5220
823,251,1,31,7,-1,99999,-1,-1,-3,-1,1,5220
824,252,1,10,9,-1,99999,-1,-1,-3,-1,1,5220
825,252,1,26,8,-1,99999,-1,-1,-3,-1,1,5220
826,252,1,129,3,-1,99999,-1,-1,-3,-1,1,5220
827,252,1,38,8,-1,99999,-1,-1,-3,-1,1,5220
828,252,1,5,8,-1,99999,-1,-1,-3,-1,1,5220
829,253,1,38,12,-1,99999,-1,-1,-3,-1,1,5220
830,253,1,12,6,-1,99999,-1,-1,-3,-1,1,5220
831,254,1,117,8,-1,99999,-1,-1,-3,-1,1,5220
832,255,1,6,8,-1,99999,-1,-1,-3,-1,1,5280
833,255,1,5,4,-1,99999,-1,-1,-3,-1,1,5280
834,255,1,45,4,-1,99999,-1,-1,-3,-1,1,5280
835,256,1,31,5,-1,99999,-1,-1,-3,-1,1,5340
836,256,1,287,8,-1,99999,-1,-1,-3,-1,1,5340
837,256,1,21,12,-1,99999,-1,-1,-3,-1,1,5340
838,256,1,8,8,-1,99999,-1,-1,-3,-1,1,5340
839,257,1,58,8,-1,99999,-1,-1,-3,-1,1,5340
840,257,1,35,7,-1,99999,-1,-1,-3,-1,1,5340
841,258,1,23,6,-1,99999,-1,-1,-3,-1,1,5340
842,259,1,449,4,-1,99999,-1,-1,-3,-1,1,5400
843,259,1,86,6,-1,99999,-1,-1,-3,-1,1,5400
844,259,1,153,8,-1,99999,-1,-1,-3,-1,1,5400
845,259,1,111,11,-1,99999,-1,-1,-3,-1,1,5400
846,260,1,7,6,-1,99999,-1,-1,-3,-1,1,5400
847,261,1,35,5,-1,99999,-1,-1,-3,-1,1,5400
848,261,1,12,9,-1,99999,-1,-1,-3,-1,1,5400
849,262,1,53,9,-1,99999,-1,-1,-3,-1,1,5460
850,262,1,170,8,-1,99999,-1,-1,-3,-1,1,5460
851,262,1,10,8,-1,99999,-1,-1,-3,-1,1,5460
852,263,1,32,8,-1,99999,-1,-1,-3,-1,1,5460
853,263,1,1,1,-1,99999,-1,-1,-3,-1,1,5460
854,264,1,149,5,-1,99999,-1,-1,-3,-1,1,5520
855,264,1,15,2,-1,99999,-1,-1,-3,-1,1,5520
856,264,1,94,8,-1,99999,-1,-1,-3,-1,1,5520
857,264,1,20,9,-1,99999,-1,-1,-3,-1,1,5520
858,264,1,22,6,-1,99999,-1,-1,-3,-1,1,5520
859,265,1,36,6,-1,99999,-1,-1,-3,-1,1,5520
860,266,1,22,2,-1,99999,-1,-1,-3,-1,1,5520
861,267,1,259,3,-1,99999,-1,-1,-3,-1,1,5520
862,267,1,63,6,-1,99999,-1,-1,-3,-1,1,5520
863,267,1,1,3,-1,99999,-1,-1,-3,-1,1,5520
864,267,1,315,12,-1,99999,-1,-1,-3,-1,1,5520
865,267,1,16,6,-1,99999,-1,-1,-3,-1,1,5520
866,267,1,56,6,-1,99999,-1,-1,-3,-1,1,5520
867,267,1,34,5,-1,99999,-1,-1,-3,-1,1,5520
868,267,1,118,4,-1,99999,-1,-1,-3,-1,1,5520
869,268,1,8,12,-1,99999,-1,-1,-3,-1,1,5580
870,269,1,1,7,-1,99999,-1,-1,-3,-1,1,5580
871,269,1,227,9,-1,99999,-1,-1,-3,-1,1,5580
872,269,1,4,4,-1,99999,-1,-1,-3,-1,1,5580
873,269,1,0,5,-1,99999,-1,-1,-3,-1,1,5580
874,269,1,218,4,-1,99999,-1,-1,-3,-1,1,5580
875,269,1,121,2,-1,99999,-1,-1,-3,-1,1,5580
876,270,1,15,1,-1,99999,-1,-1,-3,-1,1,5640
877,270,1,172,10,-1,99999,-1,-1,-3,-1,1,5640
878,271,1,116,4,-1,99999,-1,-1,-3,-1,1,5640
879,272,1,16,12,-1,99999,-1,-1,-3,-1,1,5640
880,272,1,0,5,-1,99999,-1,-1,-3,-1,1,5640
881,272,1,291,12,-1,99999,-1,-1,-3,-1,1,5640
882,273,1,1,8,-1,99999,-1,-1,-3,-1,1,5700
883,273,1,49,4,-1,99999,-1,-1,-3,-1,1,5700
884,273,1,46,4,-1,99999,-1,-1,-3,-1,1,5700
885,273,1,27,9,-1,99999,-1,-1,-3,-1,1,5700
886,273,1,11,6,-1,99999,-1,-1,-3,-1,1,5700
887,273,1,24,5,-1,99999,-1,-1,-3,-1,1,5700
888,273,1,98,12,-1,99999,-1,-1,-3,-1,1,5700
889,273,1,9,6,-1,99999,-1,-1,-3,-1,1,5700
890,274,1,143,7,-1,99999,-1,-1,-3,-1,1,5700
891,275,1,16,8,-1,99999,-1,-1,-3,-1,1,5700
892,276,1,99,1,-1,99999,-1,-1,-3,-1,1,5760
893,276,1,257,4,-1,99999,-1,-1,-3,-1,1,5760
894,276,1,22,6,-1,99999,-1,-1,-3,-1,1,5760
895,276,1,40,6,-1,99999,-1,-1,-3,-1,1,5760
896,277,1,32,9,-1,99999,-1,-1,-3,-1,1,5760
897,277,1,137,8,-1,99999,-1,-1,-3,-1,1,5760
898,277,1,44,8,-1,99999,-1,-1,-3,-1,1,5760
899,277,1,2,7,-1,99999,-1,-1,-3,-1,1,5760
900,278,1,41,8,-1,99999,-1,-1,-3,-1,1,5760
901,279,1,189,5,-1,99999,-1,-1,-3,-1,1,5760
902,279,1,70,1,-1,99999,-1,-1,-3,-1,1,5760
903,279,1,22,4,-1,99999,-1,-1,-3,-1,1,5760
904,279,1,13,8,-1,99999,-1,-1,-3,-1,1,5760
905,279,1,14,6,-1,99999,-1,-1,-3,-1,1,5760
906,280,1,229,10,-1,99999,-1,-1,-3,-1,1,5820
907,280,1,48,8,-1,99999,-1,-1,-3,-1,1,5820
908,280,1,0,4,-1,99999,-1,-1,-3,-1,1,5820
909,280,1,4,4,-1,99999,-1,-1,-3,-1,1,5820
910,280,1,18,4,-1,99999,-1,-1,-3,-1,1,5820
911,280,1,41,5,-1,99999,-1,-1,-3,-1,1,5820
912,280,1,39,3,-1,99999,-1,-1,-3,-1,1,5820
913,280,1,24,5,-1,99999,-1,-1,-3,-1,1,5820
914,281,1,46,3,-1,99999,-1,-1,-3,-1,1,5820
915,282,1,149,3,-1,99999,-1,-1,-3,-1,1,5820
916,282,1,71,2,-1,99999,-1,-1,-3,-1,1,5820
917,282,1,52,4,-1,99999,-1,-1,-3,-1,1,5820
918,282,1,117,8,-1,99999,-1,-1,-3,-1,1,5820
919,282,1,121,2,-1,99999,-1,-1,-3,-1,1,5820
920,283,1,285,1,-1,99999,-1,-1,-3,-1,1,5820
921,283,1,182,5,-1,99999,-1,-1,-3,-1,1,5820
922,283,1,100,6,-1,99999,-1,-1,-3,-1,1,5820
923,284,1,275,2,-1,99999,-1,-1,-3,-1,1,5820
924,285,1,18,7,-1,99999,-1,-1,-3,-1,1,5820
925,286,1,41,3,-1,99999,-1,-1,-3,-1,1,5880
926,286,1,191,2,-1,99999,-1,-1,-3,-1,1,5880
927,287,1,71,6,-1,99999,-1,-1,-3,-1,1,5940
928,288,1,20,6,-1,99999,-1,-1,-3,-1,1,5940
929,289,1,8,8,-1,99999,-1,-1,-3,-1,1,6000
930,289,1,142,6,-1,99999,-1,-1,-3,-1,1,6000
931,290,1,0,6,-1,99999,-1,-1,-3,-1,1,6000
932,290,1,361,10,-1,99999,-1,-1,-3,-1,1,6000
933,290,1,357,2,-1,99999,-1,-1,-3,-1,1,6000
934,291,1,11,5,-1,99999,-1,-1,-3,-1,1,6060
935,291,1,409,4,-1,99999,-1,-1,-3,-1,1,6060
936,291,1,63,8,-1,99999,-1,-1,-3,-1,1,6060
937,291,1,134,7,-1,99999,-1,-1,-3,-1,1,6060
938,291,1,47,6,-1,99999,-1,-1,-3,-1,1,6060
939,292,1,5,8,-1,99999,-1,-1,-3,-1,1,6120
940,292,1,36,5,-1,99999,-1,-1,-3,-1,1,6120
941,292,1,229,3,-1,99999,-1,-1,-3,-1,1,6120
942,292,1,57,12,-1,99999,-1,-1,-3,-1,1,6120
943,292,1,68,6,-1,99999,-1,-1,-3,-1,1,6120
944,292,1,38,6,-1,99999,-1,-1,-3,-1,1,6120
945,292,1,13,5,-1,99999,-1,-1,-3,-1,1,6120
946,292,1,282,8,-1,99999,-1,-1,-3,-1,1,6120
947,292,1,164,2,-1,99999,-1,-1,-3,-1,1,6120
948,292,1,1,8,-1,99999,-1,-1,-3,-1,1,6120
949,292,1,324,7,-1,99999,-1,-1,-3,-1,1,6120
950,293,1,0,3,-1,99999,-1,-1,-3,-1,1,6120
951,293,1,8,3,-1,99999,-1,-1,-3,-1,1,6120
952,293,1,18,9,-1,99999,-1,-1,-3,-1,1,6120
953,294,1,62,9,-1,99999,-1,-1,-3,-1,1,6120
954,294,1,6,7,-1,99999,-1,-1,-3,-1,1,6120
955,294,1,409,8,-1,99999,-1,-1,-3,-1,1,6120
956,294,1,104,11,-1,99999,-1,-1,-3,-1,1,6120
957,294,1,3,12,-1,99999,-1,-1,-3,-1,1,6120
958,295,1,25,8,-1,99999,-1,-1,-3,-1,1,6180
959,295,1,46,7,-1,99999,-1,-1,-3,-1,1,6180
960,295,1,53,9,-1,99999,-1,-1,-3,-1,1,6180
961,295,1,0,5,-1,99999,-1,-1,-3,-1,1,6180
962,296,1,1,4,-1,99999,-1,-1,-3,-1,1,6180
963,296,1,145,9,-1,99999,-1,-1,-3,-1,1,6180
964,296,1,370,8,-1,99999,-1,-1,-3,-1,1,6180
965,296,1,188,11,-1,99999,-1,-1,-3,-1,1,6180
966,297,1,192,6,-1,99999,-1,-1,-3,-1,1,6240
967,297,1,44,7,-1,99999,-1,-1,-3,-1,1,6240
968,297,1,67,6,-1,99999,-1,-1,-3,-1,1,6240
969,297,1,32,4,-1,99999,-1,-1,-3,-1,1,6240
970,297,1,194,10,-1,99999,-1,-1,-3,-1,1,6240
971,297,1,0,6,-1,99999,-1,-1,-3,-1,1,6240
972,297,1,18,5,-1,99999,-1,-1,-3,-1,1,6240
973,297,1,46,7,-1,99999,-1,-1,-3,-1,1,6240
974,297,1,34,2,-1,99999,-1,-1,-3,-1,1,6240
975,298,1,252,5,-1,99999,-1,-1,-3,-1,1,6240
976,298,1,2,6,-1,99999,-1,-1,-3,-1,1,6240
977,298,1,401,12,-1,99999,-1,-1,-3,-1,1,6240
978,298,1,22,2,-1,99999,-1,-1,-3,-1,1,6240
979,299,1,163,12,-1,99999,-1,-1,-3,-1,1,6240
980,300,1,26,4,-1,99999,-1,-1,-3,-1,1,6240
981,300,1,1,10,-1,99999,-1,-1,-3,-1,1,6240
982,300,1,181,10,-1,99999,-1,-1,-3,-1,1,6240
983,301,1,26,7,-1,99999,-1,-1,-3,-1,1,6300
984,301,1,42,5,-1,99999,-1,-1,-3,-1,1,6300
985,301,1,205,4,-1,99999,-1,-1,-3,-1,1,6300
986,301,1,22,10,-1,99999,-1,-1,-3,-1,1,6300
987,301,1,11,10,-1,99999,-1,-1,-3,-1,1,6300
988,302,1,16,12,-1,99999,-1,-1,-3,-1,1,6300
989,302,1,3,10,-1,99999,-1,-1,-3,-1,1,6300
990,302,1,12,11,-1,99999,-1,-1,-3,-1,1,6300
991,303,1,41,10,-1,99999,-1,-1,-3,-1,1,6360
992,304,1,108,7,-1,99999,-1,-1,-3,-1,1,6420
993,304,1,1,7,-1,99999,-1,-1,-3,-1,1,6420
994,304,1,39,9,-1,99999,-1,-1,-3,-1,1,6420
995,304,1,24,10,-1,99999,-1,-1,-3,-1,1,6420
996,305,1,456,4,-1,99999,-1,-1,-3,-1,1,6420
997,306,1,361,3,-1,99999,-1,-1,-3,-1,1,6420
998,307,1,14,8,-1,99999,-1,-1,-3,-1,1,6420
999,307,1,34,4,-1,99999,-1,-1,-3,-1,1,6420
1000,307,1,125,10,-1,99999,-1,-1,-3,-1,1,6420
1001,307,1,193,8,-1,99999,-1,-1,-3,-1,1,6420
1002,307,1,327,2,-1,99999,-1,-1,-3,-1,1,6420
1003,307,1,4,3,-1,99999,-1,-1,-3,-1,1,6420
1004,307,1,276,8,-1,99999,-1,-1,-3,-1,1,6420
1005,308,1,86,12,-1,99999,-1,-1,-3,-1,1,6480
1006,309,1,11,4,-1,99999,-1,-1,-3,-1,1,6540
1007,309,1,87,10,-1,99999,-1,-1,-3,-1,1,6540
1008,309,1,255,12,-1,99999,-1,-1,-3,-1,1,6540
1009,309,1,247,6,-1,99999,-1,-1,-3,-1,1,6540
1010,310,1,138,2,-1,99999,-1,-1,-3,-1,1,6540
1011,310,1,68,9,-1,99999,-1,-1,-3,-1,1,6540
1012,310,1,7,8,-1,99999,-1,-1,-3,-1,1,6540
1013,310,1,82,5,-1,99999,-1,-1,-3,-1,1,6540
1014,311,1,114,6,-1,99999,-1,-1,-3,-1,1,6540
1015,311,1,11,6,-1,99999,-1,-1,-3,-1,1,6540
1016,312,1,35,2,-1,99999,-1,-1,-3,-1,1,6600
1017,312,1,102,10,-1,99999,-1,-1,-3,-1,1,6600
1018,312,1,218,6,-1,99999,-1,-1,-3,-1,1,6600
1019,312,1,18,4,-1,99999,-1,-1,-3,-1,1,6600
1020,312,1,32,5,-1,99999,-1,-1,-3,-1,1,6600
1021,313,1,32,9,-1,99999,-1,-1,-3,-1,1,6600
1022,313,1,91,6,-1,99999,-1,-1,-3,-1,1,6600
1023,313,1,1,10,-1,99999,-1,-1,-3,-1,1,6600
1024,313,1,70,7,-1,99999,-1,-1,-3,-1,1,6600
1025,314,1,0,10,-1,99999,-1,-1,-3,-1,1,6660
1026,314,1,2,4,-1,99999,-1,-1,-3,-1,1,6660
1027,315,1,47,11,-1,99999,-1,-1,-3,-1,1,6660
1028,315,1,5,12,-1,99999,-1,-1,-3,-1,1,6660
1029,316,1,173,5,-1,99999,-1,-1,-3,-1,1,6720
1030,317,1,32,4,-1,99999,-1,-1,-3,-1,1,6720
1031,317,1,34,11,-1,99999,-1,-1,-3,-1,1,6720
1032,318,1,12,5,-1,99999,-1,-1,-3,-1,1,6720
1033,319,1,16,7,-1,99999,-1,-1,-3,-1,1,6720
1034,319,1,95,6,-1,99999,-1,-1,-3,-1,1,6720
1035,319,1,2,5,-1,99999,-1,-1,-3,-1,1,6720
1036,320,1,4,3,-1,99999,-1,-1,-3,-1,1,6720
1037,320,1,12,8,-1,99999,-1,-1,-3,-1,1,6720
1038,321,1,11,3,-1,99999,-1,-1,-3,-1,1,6780
1039,321,1,39,5,-1,99999,-1,-1,-3,-1,1,6780
1040,321,1,0,11,-1,99999,-1,-1,-3,-1,1,6780
1041,321,1,4,6,-1,99999,-1,-1,-3,-1,1,6780
1042,321,1,73,6,-1,99999,-1,-1,-3,-1,1,6780
1043,321,1,36,5,-1,99999,-1,-1,-3,-1,1,6780
1044,322,1,26,2,-1,99999,-1,-1,-3,-1,1,6780
1045,322,1,0,7,-1,99999,-1,-1,-3,-1,1,6780
1046,322,1,176,8,-1,99999,-1,-1,-3,-1,1,6780
1047,323,1,146,5,-1,99999,-1,-1,-3,-1,1,6840
1048,323,1,42,2,-1,99999,-1,-1,-3,-1,1,6840
1049,323,1,344,7,-1,99999,-1,-1,-3,-1,1,6840
1050,323,1,10,6,-1,99999,-1,-1,-3,-1,1,6840
1051,323,1,48,7,-1,99999,-1,-1,-3,-1,1,6840
1052,323,1,144,2,-1,99999,-1,-1,-3,-1,1,6840
1053,324,1,68,2,-1,99999,-1,-1,-3,-1,1,6840
1054,324,1,3,8,-1,99999,-1,-1,-3,-1,1,6840
1055,324,1,1,12,-1,99999,-1,-1,-3,-1,1,6840
1056,324,1,11,1,-1,99999,-1,-1,-3,-1,1,6840
1057,324,1,2,2,-1,99999,-1,-1,-3,-1,1,6840
1058,324,1,86,3,-1,99999,-1,-1,-3,-1,1,6840
1059,325,1,2,10,-1,99999,-1,-1,-3,-1,1,6840
1060,326,1,32,12,-1,99999,-1,-1,-3,-1,1,6840
1061,326,1,5,4,-1,99999,-1,-1,-3,-1,1,6840
1062,327,1,0,2,-1,99999,-1,-1,-3,-1,1,6840
1063,327,1,44,7,-1,99999,-1,-1,-3,-1,1,6840
1064,327,1,12,7,-1,99999,-1,-1,-3,-1,1,6840
1065,328,1,47,3,-1,99999,-1,-1,-3,-1,1,6900
1066,328,1,41,4,-1,99999,-1,-1,-3,-1,1,6900
1067,329,1,3,3,-1,99999,-1,-1,-3,-1,1,6900
1068,329,1,62,6,-1,99999,-1,-1,-3,-1,1,6900
1069,330,1,127,6,-1,99999,-1,-1,-3,-1,1,6900
1070,330,1,41,6,-1,99999,-1,-1,-3,-1,1,6900
1071,330,1,186,6,-1,99999,-1,-1,-3,-1,1,6900
1072,330,1,4,12,-1,99999,-1,-1,-3,-1,1,6900
1073,330,1,0,2,-1,99999,-1,-1,-3,-1,1,6900
1074,330,1,14,10,-1,99999,-1,-1,-3,-1,1,6900
1075,330,1,195,12,-1,99999,-1,-1,-3,-1,1,6900
1076,330,1,35,10,-1,99999,-1,-1,-3,-1,1,6900
1077,330,1,5,7,-1,99999,-1,-1,-3,-1,1,6900
1078,330,1,8,2,-1,99999,-1,-1,-3,-1,1,6900
1079,330,1,62,4,-1,99999,-1,-1,-3,-1,1,6900
1080,331,1,63,7,-1,99999,-1,-1,-3,-1,1,6900
1081,331,1,24,4,-1,99999,-1,-1,-3,-1,1,6900
1082,331,1,93,3,-1,99999,-1,-1,-3,-1,1,6900
1083,331,1,44,8,-1,99999,-1,-1,-3,-1,1,6900
1084,331,1,209,7,-1,99999,-1,-1,-3,-1,1,6900
1085,331,1,31,4,-1,99999,-1,-1,-3,-1,1,6900
1086,331,1,39,8,-1,99999,-1,-1,-3,-1,1,6900
1087,331,1,48,8,-1,99999,-1,-1,-3,-1,1,6900
1088,332,1,298,6,-1,99999,-1,-1,-3,-1,1,6900
1089,333,1,9,12,-1,99999,-1,-1,-3,-1,1,6960
1090,333,1,37,2,-1,99999,-1,-1,-3,-1,1,6960
1091,334,1,0,7,-1,99999,-1,-1,-3,-1,1,7020
1092,334,1,290,12,-1,99999,-1,-1,-3,-1,1,7020
1093,334,1,39,3,-1,99999,-1,-1,-3,-1,1,7020
1094,334,1,44,2,-1,99999,-1,-1,-3,-1,1,7020
1095,335,1,47,1,-1,99999,-1,-1,-3,-1,1,7020
1096,335,1,16,6,-1,99999,-1,-1,-3,-1,1,7020
1097,335,1,92,2,-1,99999,-1,-1,-3,-1,1,7020
1098,336,1,13,12,-1,99999,-1,-1,-3,-1,1,7020
1099,337,1,9,9,-1,99999,-1,-1,-3,-1,1,7080
1100,337,1,35,6,-1,99999,-1,-1,-3,-1,1,7080
1101,338,1,132,8,-1,99999,-1,-1,-3,-1,1,7080
