item_id,current_global_qty,max_global_qty,global_inv_level
3420,72,72,1.0
5041,24,24,1.0
545,72,72,1.0
213,120,120,1.0
922,48,48,1.0
112,240,240,1.0
2989,24,24,1.0
1742,48,48,1.0
250,96,96,1.0
4723,24,24,1.0
653,120,120,1.0
655,40,40,1.0
3309,96,96,1.0
2557,48,48,1.0
66,360,360,1.0
2638,12,12,1.0
3941,20,20,1.0
648,48,48,1.0
4472,36,36,1.0
4034,18,18,1.0
3440,84,84,1.0
4603,12,12,1.0
1345,96,96,1.0
2550,24,24,1.0
4738,24,24,1.0
4584,24,24,1.0
4826,48,48,1.0
2074,16,16,1.0
1746,12,12,1.0
4570,180,180,1.0
207,72,72,1.0
205,16,16,1.0
2623,36,36,1.0
4836,216,216,1.0
3436,192,192,1.0
916,360,360,1.0
3051,24,24,1.0
858,132,132,1.0
59,312,312,1.0
1465,6,6,1.0
3054,84,84,1.0
425,24,24,1.0
214,48,48,1.0
3002,72,72,1.0
149,336,336,1.0
2240,36,36,1.0
1816,48,48,1.0
904,96,96,1.0
4057,60,60,1.0
2808,12,12,1.0
2724,48,48,1.0
49,96,96,1.0
2823,36,36,1.0
116,72,72,1.0
2115,18,18,1.0
4313,20,20,1.0
61,660,660,1.0
3566,216,216,1.0
2780,24,24,1.0
592,60,60,1.0
2687,16,16,1.0
1739,48,48,1.0
3769,40,40,1.0
993,36,36,1.0
212,48,48,1.0
2347,24,24,1.0
909,120,120,1.0
3143,35,35,1.0
861,240,240,1.0
4638,48,48,1.0
3881,144,144,1.0
1037,18,18,1.0
563,60,60,1.0
2525,78,78,1.0
789,45,45,1.0
53,750,750,1.0
1721,6,6,1.0
5043,36,36,1.0
1527,36,36,1.0
1480,48,48,1.0
2602,24,24,1.0
1603,12,12,1.0
643,120,120,1.0
1502,12,12,1.0
388,42,42,1.0
1329,4,4,1.0
929,36,36,1.0
2109,12,12,1.0
610,12,12,1.0
2480,12,12,1.0
2050,60,60,1.0
19,312,312,1.0
3264,216,216,1.0
2547,24,24,1.0
2073,40,40,1.0
323,48,48,1.0
919,192,192,1.0
3113,48,48,1.0
2055,150,150,1.0
1063,192,192,1.0
3180,144,144,1.0
3676,20,20,1.0
2444,18,18,1.0
56,330,330,1.0
3334,324,324,1.0
3422,24,24,1.0
537,72,72,1.0
11,240,240,1.0
4397,48,48,1.0
3863,75,75,1.0
4416,12,12,1.0
4428,12,12,1.0
4396,18,18,1.0
2729,24,24,1.0
381,18,18,1.0
2850,72,72,1.0
4379,126,126,1.0
2467,126,126,1.0
3712,20,20,1.0
295,72,72,1.0
3887,10,10,1.0
4933,24,24,1.0
2975,72,72,1.0
1661,12,12,1.0
2354,6,6,1.0
1454,6,6,1.0
2011,24,24,1.0
249,120,120,1.0
2327,24,24,1.0
1263,24,24,1.0
2076,8,8,1.0
4181,32,32,1.0
2334,12,12,1.0
417,30,30,1.0
3705,24,24,1.0
4537,24,24,1.0
4804,48,48,1.0
1668,12,12,1.0
47,130,130,1.0
935,36,36,1.0
3221,24,24,1.0
2461,24,24,1.0
4550,72,72,1.0
910,96,96,1.0
897,168,168,1.0
194,24,24,1.0
4243,12,12,1.0
87,1152,1152,1.0
987,96,96,1.0
503,72,72,1.0
3313,72,72,1.0
1333,12,12,1.0
2588,104,104,1.0
572,60,60,1.0
1274,48,48,1.0
262,480,480,1.0
78,48,48,1.0
4595,5,5,1.0
4052,48,48,1.0
2854,20,20,1.0
4445,36,36,1.0
1082,36,36,1.0
4236,24,24,1.0
3193,36,36,1.0
1323,72,72,1.0
3467,48,48,1.0
0,384,384,1.0
5013,200,200,1.0
1450,12,12,1.0
91,384,384,1.0
267,96,96,1.0
887,120,120,1.0
1139,240,240,1.0
969,32,32,1.0
695,36,36,1.0
1663,12,12,1.0
2053,6,6,1.0
1660,24,24,1.0
2750,12,12,1.0
666,40,40,1.0
1066,192,192,1.0
578,108,108,1.0
3935,48,48,1.0
4346,378,378,1.0
837,30,30,1.0
3970,12,12,1.0
2029,36,36,1.0
1020,24,24,1.0
538,48,48,1.0
2054,24,24,1.0
265,32,32,1.0
3452,108,108,1.0
1456,12,12,1.0
1975,6,6,1.0
55,210,210,1.0
847,384,384,1.0
4228,24,24,1.0
1968,12,12,1.0
3922,40,40,1.0
2099,12,12,1.0
159,60,60,1.0
3956,12,12,1.0
38,72,72,1.0
1259,48,48,1.0
1100,144,144,1.0
896,64,64,1.0
2435,48,48,1.0
4453,60,60,1.0
850,120,120,1.0
1237,216,216,1.0
4323,80,80,1.0
933,24,24,1.0
277,144,144,1.0
2468,84,84,1.0
3052,144,144,1.0
355,12,12,1.0
4651,40,40,1.0
1224,24,24,1.0
3228,96,96,1.0
1415,40,40,1.0
3994,12,12,1.0
2162,12,12,1.0
4111,24,24,1.0
771,12,12,1.0
459,72,72,1.0
406,30,30,1.0
1971,12,12,1.0
2644,12,12,1.0
685,72,72,1.0
1226,96,96,1.0
1039,60,60,1.0
552,24,24,1.0
3793,40,40,1.0
447,48,48,1.0
1811,60,60,1.0
2763,24,24,1.0
4624,12,12,1.0
3965,12,12,1.0
4875,40,40,1.0
89,336,336,1.0
1611,24,24,1.0
4529,36,36,1.0
2583,28,28,1.0
4217,24,24,1.0
395,12,12,1.0
606,12,12,1.0
774,36,36,1.0
4643,48,48,1.0
492,432,432,1.0
379,24,24,1.0
924,210,210,1.0
4751,48,48,1.0
522,60,60,1.0
834,48,48,1.0
3637,12,12,1.0
872,156,156,1.0
1041,48,48,1.0
1523,24,24,1.0
3882,60,60,1.0
2809,12,12,1.0
4664,48,48,1.0
1583,48,48,1.0
4455,24,24,1.0
1160,144,144,1.0
783,40,40,1.0
1500,12,12,1.0
520,72,72,1.0
4078,10,10,1.0
816,180,180,1.0
1995,12,12,1.0
553,24,24,1.0
3368,72,72,1.0
315,72,72,1.0
2735,12,12,1.0
4973,72,72,1.0
4773,96,96,1.0
825,240,240,1.0
2716,12,12,1.0
1407,16,16,1.0
3555,12,12,1.0
4571,48,48,1.0
3720,80,80,1.0
2888,24,24,1.0
3651,20,20,1.0
1768,24,24,1.0
1299,36,36,1.0
940,288,288,1.0
2976,96,96,1.0
931,72,72,1.0
2656,36,36,1.0
3865,96,96,1.0
5113,6,6,1.0
569,20,20,1.0
3731,90,90,1.0
4429,24,24,1.0
3316,96,96,1.0
793,30,30,1.0
2399,24,24,1.0
3322,144,144,1.0
266,144,144,1.0
2027,10,10,1.0
687,12,12,1.0
1010,64,64,1.0
2828,12,12,1.0
1029,30,30,1.0
2757,24,24,1.0
3421,72,72,1.0
841,60,60,1.0
796,60,60,1.0
540,60,60,1.0
688,12,12,1.0
4080,36,36,1.0
4435,12,12,1.0
2247,18,18,1.0
50,120,120,1.0
829,96,96,1.0
34,60,60,1.0
218,432,432,1.0
2839,48,48,1.0
2018,24,24,1.0
145,192,192,1.0
1095,720,720,1.0
4906,60,60,1.0
1743,42,42,1.0
4131,30,30,1.0
1556,72,72,1.0
3489,24,24,1.0
3821,12,12,1.0
812,18,18,1.0
466,24,24,1.0
4077,45,45,1.0
2188,12,12,1.0
4510,48,48,1.0
4147,36,36,1.0
2398,12,12,1.0
4829,96,96,1.0
614,9,9,1.0
43,60,60,1.0
4807,192,192,1.0
1070,240,240,1.0
2628,72,72,1.0
4792,120,120,1.0
3207,24,24,1.0
2977,48,48,1.0
4479,24,24,1.0
1125,288,288,1.0
270,96,96,1.0
3996,24,24,1.0
4497,12,12,1.0
637,48,48,1.0
588,60,60,1.0
1127,60,60,1.0
5100,12,12,1.0
237,216,216,1.0
1036,24,24,1.0
1594,12,12,1.0
71,240,240,1.0
4067,15,15,1.0
624,56,56,1.0
5035,12,12,1.0
1828,12,12,1.0
3369,144,144,1.0
3148,72,72,1.0
945,96,96,1.0
561,24,24,1.0
1759,24,24,1.0
238,96,96,1.0
30,84,84,1.0
1194,192,192,1.0
799,60,60,1.0
4097,48,48,1.0
3245,36,36,1.0
1016,36,36,1.0
3329,144,144,1.0
527,36,36,1.0
285,144,144,1.0
1481,12,12,1.0
4058,36,36,1.0
2960,60,60,1.0
2533,12,12,1.0
5036,18,18,1.0
1443,6,6,1.0
556,230,230,1.0
4525,72,72,1.0
131,144,144,1.0
1417,2,2,1.0
17,576,576,1.0
400,12,12,1.0
2875,84,84,1.0
4722,36,36,1.0
3671,36,36,1.0
832,32,32,1.0
4063,40,40,1.0
3456,24,24,1.0
3527,24,24,1.0
1740,24,24,1.0
3464,12,12,1.0
195,144,144,1.0
468,24,24,1.0
44,90,90,1.0
2756,24,24,1.0
292,216,216,1.0
2318,54,54,1.0
2281,24,24,1.0
717,48,48,1.0
3714,12,12,1.0
991,30,30,1.0
164,24,24,1.0
1522,24,24,1.0
575,48,48,1.0
2856,48,48,1.0
3343,18,18,1.0
824,96,96,1.0
543,120,120,1.0
2851,36,36,1.0
173,120,120,1.0
1925,18,18,1.0
430,24,24,1.0
1972,12,12,1.0
3178,216,216,1.0
2725,24,24,1.0
1023,36,36,1.0
749,60,60,1.0
3773,40,40,1.0
1246,96,96,1.0
4530,24,24,1.0
1539,12,12,1.0
2971,36,36,1.0
4931,20,20,1.0
566,36,36,1.0
3503,192,192,1.0
1798,96,96,1.0
110,48,48,1.0
1777,48,48,1.0
501,96,96,1.0
2377,12,12,1.0
4278,40,40,1.0
5015,990,990,1.0
859,180,180,1.0
3386,96,96,1.0
3702,24,24,1.0
2973,60,60,1.0
2740,24,24,1.0
2894,24,24,1.0
1612,36,36,1.0
224,432,432,1.0
3875,48,48,1.0
1126,144,144,1.0
106,24,24,1.0
88,168,168,1.0
2501,27,27,1.0
3811,24,24,1.0
3454,24,24,1.0
2295,12,12,1.0
3210,120,120,1.0
565,40,40,1.0
1097,20,20,1.0
4339,252,252,1.0
4998,24,24,1.0
98,288,288,1.0
197,8,8,1.0
4637,10,10,1.0
3508,144,144,1.0
4852,72,72,1.0
360,8,8,1.0
1499,6,6,1.0
3805,54,54,1.0
4834,96,96,1.0
4000,14,14,1.0
1353,48,48,1.0
786,20,20,1.0
1806,60,60,1.0
632,60,60,1.0
4523,48,48,1.0
823,90,90,1.0
1644,80,80,1.0
3544,48,48,1.0
927,270,270,1.0
2695,48,48,1.0
4588,96,96,1.0
3486,24,24,1.0
4633,3,3,1.0
706,48,48,1.0
130,240,240,1.0
4001,24,24,1.0
3173,36,36,1.0
600,48,48,1.0
427,18,18,1.0
1521,24,24,1.0
387,24,24,1.0
363,36,36,1.0
6,192,192,1.0
1084,12,12,1.0
280,72,72,1.0
42,84,84,1.0
4130,24,24,1.0
3374,6,6,1.0
2414,30,30,1.0
3336,18,18,1.0
1695,24,24,1.0
4172,12,12,1.0
4519,72,72,1.0
663,48,48,1.0
68,420,420,1.0
3015,96,96,1.0
1785,12,12,1.0
4741,40,40,1.0
2397,112,112,1.0
142,60,60,1.0
3750,20,20,1.0
4491,72,72,1.0
1111,48,48,1.0
2092,16,16,1.0
2853,120,120,1.0
451,24,24,1.0
1035,48,48,1.0
2703,12,12,1.0
3845,30,30,1.0
2844,96,96,1.0
2526,24,24,1.0
4821,36,36,1.0
4169,90,90,1.0
3409,48,48,1.0
3973,12,12,1.0
579,12,12,1.0
378,72,72,1.0
1144,216,216,1.0
792,15,15,1.0
3826,48,48,1.0
3622,28,28,1.0
3232,144,144,1.0
2538,24,24,1.0
884,60,60,1.0
25,360,360,1.0
5094,60,60,1.0
3912,48,48,1.0
4961,36,36,1.0
175,96,96,1.0
512,12,12,1.0
2365,12,12,1.0
889,84,84,1.0
2579,72,72,1.0
3568,108,108,1.0
2392,60,60,1.0
169,48,48,1.0
1078,60,60,1.0
2008,6,6,1.0
821,96,96,1.0
3897,60,60,1.0
782,80,80,1.0
2080,12,12,1.0
3664,40,40,1.0
2569,24,24,1.0
2244,72,72,1.0
2653,24,24,1.0
670,96,96,1.0
873,96,96,1.0
1449,6,6,1.0
665,48,48,1.0
278,48,48,1.0
1476,42,42,1.0
240,288,288,1.0
638,24,24,1.0
3741,20,20,1.0
1883,50,50,1.0
300,288,288,1.0
1614,24,24,1.0
4263,36,36,1.0
1055,288,288,1.0
1951,6,6,1.0
1890,30,30,1.0
1369,24,24,1.0
2445,63,63,1.0
4506,12,12,1.0
28,36,36,1.0
2164,24,24,1.0
3761,180,180,1.0
171,288,288,1.0
3849,288,288,1.0
1536,24,24,1.0
544,64,64,1.0
4464,12,12,1.0
2568,12,12,1.0
1180,144,144,1.0
959,180,180,1.0
880,240,240,1.0
4688,96,96,1.0
4710,96,96,1.0
2929,84,84,1.0
4478,12,12,1.0
4950,360,360,1.0
3373,168,168,1.0
1018,36,36,1.0
854,144,144,1.0
1277,48,48,1.0
525,60,60,1.0
2146,24,24,1.0
4174,24,24,1.0
349,16,16,1.0
1109,192,192,1.0
184,96,96,1.0
631,24,24,1.0
345,60,60,1.0
4733,48,48,1.0
4610,60,60,1.0
3487,16,16,1.0
649,48,48,1.0
4883,96,96,1.0
535,40,40,1.0
4948,780,780,1.0
3081,48,48,1.0
2995,72,72,1.0
652,50,50,1.0
260,36,36,1.0
3146,144,144,1.0
3560,120,120,1.0
3128,240,240,1.0
109,384,384,1.0
12,288,288,1.0
450,288,288,1.0
4114,12,12,1.0
2667,40,40,1.0
2990,48,48,1.0
3430,42,42,1.0
1682,48,48,1.0
1278,48,48,1.0
15,264,264,1.0
3345,36,36,1.0
3022,48,48,1.0
2116,12,12,1.0
851,64,64,1.0
747,48,48,1.0
1463,6,6,1.0
982,120,120,1.0
9,192,192,1.0
3604,30,30,1.0
1124,288,288,1.0
1185,384,384,1.0
1012,36,36,1.0
636,80,80,1.0
429,24,24,1.0
1564,36,36,1.0
3515,24,24,1.0
3208,72,72,1.0
83,48,48,1.0
4995,144,144,1.0
1723,48,48,1.0
607,10,10,1.0
1435,24,24,1.0
193,192,192,1.0
1045,80,80,1.0
750,40,40,1.0
3914,10,10,1.0
8,42,42,1.0
939,144,144,1.0
1596,48,48,1.0
3147,36,36,1.0
4668,96,96,1.0
1823,24,24,1.0
5038,12,12,1.0
3923,24,24,1.0
1049,108,108,1.0
769,60,60,1.0
3075,12,12,1.0
3098,800,800,1.0
549,36,36,1.0
4968,72,72,1.0
573,54,54,1.0
3739,6,6,1.0
1364,48,48,1.0
298,144,144,1.0
252,168,168,1.0
2010,24,24,1.0
2051,6,6,1.0
1013,24,24,1.0
3278,72,72,1.0
1624,12,12,1.0
3215,72,72,1.0
580,36,36,1.0
3267,240,240,1.0
115,120,120,1.0
469,24,24,1.0
3005,60,60,1.0
1044,75,75,1.0
4598,24,24,1.0
1192,192,192,1.0
472,108,108,1.0
3472,24,24,1.0
67,330,330,1.0
3510,12,12,1.0
366,48,48,1.0
1093,240,240,1.0
2422,32,32,1.0
4364,100,100,1.0
1371,24,24,1.0
35,70,70,1.0
290,192,192,1.0
4168,24,24,1.0
1573,24,24,1.0
4404,18,18,1.0
2122,24,24,1.0
4284,12,12,1.0
2539,12,12,1.0
1677,72,72,1.0
756,24,24,1.0
3934,10,10,1.0
4104,12,12,1.0
1708,48,48,1.0
2955,60,60,1.0
2015,18,18,1.0
4310,108,108,1.0
3168,72,72,1.0
5065,48,48,1.0
1238,96,96,1.0
4267,48,48,1.0
3188,96,96,1.0
819,36,36,1.0
863,108,108,1.0
4320,300,300,1.0
1451,6,6,1.0
1114,216,216,1.0
438,48,48,1.0
627,72,72,1.0
114,120,120,1.0
1861,24,24,1.0
33,48,48,1.0
2350,24,24,1.0
2727,12,12,1.0
396,18,18,1.0
299,96,96,1.0
1937,20,20,1.0
3802,40,40,1.0
4612,40,40,1.0
745,36,36,1.0
1042,96,96,1.0
3655,24,24,1.0
1671,36,36,1.0
20,576,576,1.0
1664,48,48,1.0
84,54,54,1.0
836,20,20,1.0
4374,264,264,1.0
1005,36,36,1.0
415,60,60,1.0
4686,2,2,1.0
104,192,192,1.0
69,120,120,1.0
4302,108,108,1.0
2284,48,48,1.0
1141,192,192,1.0
297,72,72,1.0
609,24,24,1.0
1179,16,16,1.0
2253,18,18,1.0
4752,144,144,1.0
596,60,60,1.0
3872,48,48,1.0
2903,72,72,1.0
7,576,576,1.0
882,144,144,1.0
4085,36,36,1.0
274,144,144,1.0
309,48,48,1.0
4989,20,20,1.0
3542,120,120,1.0
5051,24,24,1.0
2517,27,27,1.0
3851,120,120,1.0
105,240,240,1.0
3932,12,12,1.0
359,24,24,1.0
3518,72,72,1.0
3520,144,144,1.0
13,144,144,1.0
1844,24,24,1.0
189,144,144,1.0
4777,12,12,1.0
3,240,240,1.0
1880,24,24,1.0
261,120,120,1.0
3913,20,20,1.0
97,336,336,1.0
3532,108,108,1.0
4745,96,96,1.0
3484,72,72,1.0
2772,24,24,1.0
3357,48,48,1.0
1253,12,12,1.0
761,300,300,1.0
1610,6,6,1.0
373,48,48,1.0
63,390,390,1.0
3708,48,48,1.0
138,40,40,1.0
3706,50,50,1.0
4896,24,24,1.0
1312,144,144,1.0
4793,144,144,1.0
3623,20,20,1.0
1749,24,24,1.0
140,72,72,1.0
4958,72,72,1.0
18,336,336,1.0
4774,96,96,1.0
1267,6,6,1.0
4351,30,30,1.0
1183,144,144,1.0
57,216,216,1.0
1,36,36,1.0
938,36,36,1.0
973,24,24,1.0
102,528,528,1.0
4032,12,12,1.0
4246,24,24,1.0
2649,24,24,1.0
4287,60,60,1.0
3131,72,72,1.0
1398,48,48,1.0
777,12,12,1.0
519,84,84,1.0
393,18,18,1.0
1864,36,36,1.0
2423,36,36,1.0
16,504,504,1.0
3216,72,72,1.0
3873,20,20,1.0
4543,36,36,1.0
875,150,150,1.0
4959,24,24,1.0
3149,120,120,1.0
4338,312,312,1.0
3611,14,14,1.0
1232,72,72,1.0
3688,48,48,1.0
918,150,150,1.0
3539,12,12,1.0
382,36,36,1.0
4628,12,12,1.0
2534,60,60,1.0
244,240,240,1.0
2660,24,24,1.0
2141,12,12,1.0
2606,72,72,1.0
1859,12,12,1.0
3972,6,6,1.0
3871,40,40,1.0
4292,48,48,1.0
529,120,120,1.0
5005,288,288,1.0
132,288,288,1.0
4260,32,32,1.0
2916,24,24,1.0
2940,72,72,1.0
707,12,12,1.0
198,600,600,1.0
2551,54,54,1.0
2915,96,96,1.0
2196,12,12,1.0
4089,72,72,1.0
1099,48,48,1.0
1872,12,12,1.0
1705,48,48,1.0
3564,18,18,1.0
560,36,36,1.0
3951,24,24,1.0
3903,20,20,1.0
4548,72,72,1.0
822,72,72,1.0
4820,12,12,1.0
1142,72,72,1.0
122,192,192,1.0
2189,36,36,1.0
2543,27,27,1.0
803,72,72,1.0
879,180,180,1.0
536,36,36,1.0
137,384,384,1.0
94,144,144,1.0
3182,48,48,1.0
1174,216,216,1.0
4145,12,12,1.0
1638,12,12,1.0
2714,12,12,1.0
2795,24,24,1.0
2330,42,42,1.0
894,144,144,1.0
151,144,144,1.0
3247,144,144,1.0
4714,96,96,1.0
3111,216,216,1.0
80,48,48,1.0
1220,240,240,1.0
2,384,384,1.0
1207,48,48,1.0
965,60,60,1.0
4233,4,4,1.0
2874,96,96,1.0
672,48,48,1.0
754,48,48,1.0
177,288,288,1.0
530,24,24,1.0
1654,24,24,1.0
2826,240,240,1.0
1950,4,4,1.0
842,100,100,1.0
3241,12,12,1.0
3632,42,42,1.0
3819,36,36,1.0
4871,20,20,1.0
946,96,96,1.0
597,84,84,1.0
662,12,12,1.0
4784,48,48,1.0
1162,24,24,1.0
1101,96,96,1.0
1866,60,60,1.0
1110,168,168,1.0
4356,30,30,1.0
2389,18,18,1.0
4474,12,12,1.0
709,288,288,1.0
958,360,360,1.0
1128,336,336,1.0
410,12,12,1.0
144,144,144,1.0
123,18,18,1.0
526,84,84,1.0
1477,12,12,1.0
4349,126,126,1.0
2677,12,12,1.0
1104,240,240,1.0
2280,12,12,1.0
5009,140,140,1.0
3286,120,120,1.0
2245,72,72,1.0
2601,24,24,1.0
2848,48,48,1.0
734,20,20,1.0
2289,24,24,1.0
2400,48,48,1.0
2791,48,48,1.0
650,30,30,1.0
1004,12,12,1.0
4475,12,12,1.0
45,90,90,1.0
4520,252,252,1.0
4106,24,24,1.0
2052,16,16,1.0
1621,144,144,1.0
1836,24,24,1.0
2436,48,48,1.0
1445,144,144,1.0
2495,24,24,1.0
2186,54,54,1.0
2700,24,24,1.0
4321,240,240,1.0
936,36,36,1.0
4306,96,96,1.0
3479,108,108,1.0
5103,24,24,1.0
574,30,30,1.0
900,120,120,1.0
3016,63,63,1.0
4985,48,48,1.0
1158,96,96,1.0
4619,162,162,1.0
4177,36,36,1.0
646,60,60,1.0
4672,12,12,1.0
1719,6,6,1.0
3045,48,48,1.0
2532,54,54,1.0
2454,48,48,1.0
3364,144,144,1.0
1693,36,36,1.0
1439,144,144,1.0
1940,6,6,1.0
103,72,72,1.0
1457,6,6,1.0
541,60,60,1.0
4654,24,24,1.0
2742,12,12,1.0
4326,48,48,1.0
3012,72,72,1.0
587,36,36,1.0
826,264,264,1.0
2451,24,24,1.0
2691,12,12,1.0
4059,120,120,1.0
790,20,20,1.0
680,20,20,1.0
3072,120,120,1.0
1143,144,144,1.0
1712,24,24,1.0
659,48,48,1.0
4443,12,12,1.0
1729,4,4,1.0
1632,12,12,1.0
2217,48,48,1.0
805,48,48,1.0
3944,24,24,1.0
1149,144,144,1.0
5088,120,120,1.0
1014,48,48,1.0
2024,8,8,1.0
339,24,24,1.0
3807,12,12,1.0
1471,24,24,1.0
3417,48,48,1.0
403,18,18,1.0
2191,120,120,1.0
923,150,150,1.0
70,640,640,1.0
1832,24,24,1.0
2333,36,36,1.0
3078,60,60,1.0
1888,48,48,1.0
316,72,72,1.0
977,48,48,1.0
185,72,72,1.0
4095,42,42,1.0
905,144,144,1.0
4874,80,80,1.0
2095,8,8,1.0
1092,96,96,1.0
4577,48,48,1.0
3399,96,96,1.0
86,168,168,1.0
4558,36,36,1.0
3059,45,45,1.0
2415,36,36,1.0
3502,24,24,1.0
2939,24,24,1.0
2899,72,72,1.0
182,360,360,1.0
3206,24,24,1.0
1175,96,96,1.0
4986,12,12,1.0
1438,96,96,1.0
2631,48,48,1.0
3911,24,24,1.0
22,192,192,1.0
352,8,8,1.0
92,432,432,1.0
4568,72,72,1.0
383,24,24,1.0
407,12,12,1.0
4841,96,96,1.0
4803,48,48,1.0
1696,48,48,1.0
219,120,120,1.0
312,48,48,1.0
4939,24,24,1.0
3006,72,72,1.0
60,96,96,1.0
4802,160,160,1.0
2686,36,36,1.0
3986,12,12,1.0
2910,12,12,1.0
3727,48,48,1.0
3588,24,24,1.0
4553,36,36,1.0
1609,24,24,1.0
625,16,16,1.0
2469,48,48,1.0
3194,288,288,1.0
234,120,120,1.0
1963,16,16,1.0
1167,72,72,1.0
921,108,108,1.0
1173,192,192,1.0
835,36,36,1.0
460,12,12,1.0
2993,96,96,1.0
1715,12,12,1.0
3743,12,12,1.0
914,24,24,1.0
3952,6,6,1.0
2432,48,48,1.0
3984,24,24,1.0
740,20,20,1.0
2635,216,216,1.0
523,12,12,1.0
152,216,216,1.0
4016,36,36,1.0
4766,288,288,1.0
1649,12,12,1.0
808,24,24,1.0
4259,48,48,1.0
4618,54,54,1.0
2634,112,112,1.0
2349,24,24,1.0
4963,24,24,1.0
3087,66,66,1.0
206,144,144,1.0
1464,6,6,1.0
1419,48,48,1.0
1956,6,6,1.0
2204,12,12,1.0
4761,96,96,1.0
3070,240,240,1.0
985,24,24,1.0
2363,12,12,1.0
3471,48,48,1.0
3543,72,72,1.0
2707,12,12,1.0
209,120,120,1.0
1026,18,18,1.0
559,20,20,1.0
2827,60,60,1.0
843,24,24,1.0
4275,32,32,1.0
1946,12,12,1.0
3889,20,20,1.0
4758,144,144,1.0
818,48,48,1.0
1455,18,18,1.0
2199,18,18,1.0
4717,96,96,1.0
1725,12,12,1.0
4407,48,48,1.0
1835,120,120,1.0
389,12,12,1.0
668,24,24,1.0
2666,24,24,1.0
2044,36,36,1.0
1272,96,96,1.0
2673,192,192,1.0
1452,12,12,1.0
4377,252,252,1.0
3626,20,20,1.0
1138,288,288,1.0
784,30,30,1.0
1581,48,48,1.0
759,12,12,1.0
491,48,48,1.0
3135,120,120,1.0
2836,96,96,1.0
3657,288,288,1.0
3933,48,48,1.0
3136,96,96,1.0
2420,48,48,1.0
3033,78,78,1.0
4827,48,48,1.0
1249,96,96,1.0
810,108,108,1.0
1344,96,96,1.0
4232,32,32,1.0
870,84,84,1.0
5079,24,24,1.0
2238,36,36,1.0
1362,144,144,1.0
3288,288,288,1.0
4719,20,20,1.0
1919,20,20,1.0
1507,12,12,1.0
3754,20,20,1.0
3665,24,24,1.0
4344,252,252,1.0
4423,108,108,1.0
226,360,360,1.0
4642,144,144,1.0
4832,80,80,1.0
2712,12,12,1.0
1033,30,30,1.0
2314,24,24,1.0
4748,108,108,1.0
4511,8,8,1.0
496,120,120,1.0
3359,72,72,1.0
1546,24,24,1.0
1444,6,6,1.0
838,24,24,1.0
5115,36,36,1.0
4418,12,12,1.0
433,24,24,1.0
10,288,288,1.0
3968,12,12,1.0
555,36,36,1.0
1748,36,36,1.0
5014,140,140,1.0
29,48,48,1.0
3411,84,84,1.0
4337,84,84,1.0
1514,24,24,1.0
4048,120,120,1.0
4940,30,30,1.0
2434,72,72,1.0
1336,4,4,1.0
4617,54,54,1.0
1534,50,50,1.0
3598,24,24,1.0
2193,12,12,1.0
1349,72,72,1.0
1069,288,288,1.0
3526,24,24,1.0
2438,24,24,1.0
4392,6,6,1.0
618,48,48,1.0
2715,12,12,1.0
113,96,96,1.0
2232,24,24,1.0
548,216,216,1.0
4632,12,12,1.0
1262,48,48,1.0
248,144,144,1.0
3050,24,24,1.0
4680,12,12,1.0
3442,36,36,1.0
1769,24,24,1.0
46,48,48,1.0
421,24,24,1.0
3318,96,96,1.0
4601,24,24,1.0
3551,8,8,1.0
432,12,12,1.0
3666,16,16,1.0
4936,20,20,1.0
4627,24,24,1.0
4806,48,48,1.0
4187,40,40,1.0
1815,60,60,1.0
926,180,180,1.0
1317,24,24,1.0
809,72,72,1.0
2200,12,12,1.0
4,48,48,1.0
3836,636,636,1.0
2640,18,18,1.0
1921,6,6,1.0
170,96,96,1.0
3100,96,96,1.0
1057,96,96,1.0
3999,16,16,1.0
3525,24,24,1.0
4289,36,36,1.0
4922,24,24,1.0
1120,24,24,1.0
2998,120,120,1.0
4544,72,72,1.0
2346,24,24,1.0
4303,36,36,1.0
2137,36,36,1.0
2408,24,24,1.0
2992,36,36,1.0
5068,24,24,1.0
1547,40,40,1.0
2082,12,12,1.0
2722,18,18,1.0
2564,30,30,1.0
2302,24,24,1.0
4997,48,48,1.0
539,24,24,1.0
2211,24,24,1.0
2257,12,12,1.0
3202,12,12,1.0
357,36,36,1.0
4521,84,84,1.0
1219,108,108,1.0
1227,20,20,1.0
3201,72,72,1.0
321,24,24,1.0
324,96,96,1.0
3541,120,120,1.0
4270,36,36,1.0
1393,24,24,1.0
453,108,108,1.0
4791,24,24,1.0
1433,24,24,1.0
263,40,40,1.0
2641,12,12,1.0
3177,144,144,1.0
595,40,40,1.0
2868,72,72,1.0
964,36,36,1.0
4500,72,72,1.0
124,30,30,1.0
1617,12,12,1.0
2338,24,24,1.0
4583,24,24,1.0
4256,96,96,1.0
36,60,60,1.0
1430,12,12,1.0
456,12,12,1.0
4764,72,72,1.0
2877,288,288,1.0
2267,12,12,1.0
534,40,40,1.0
886,120,120,1.0
257,96,96,1.0
444,72,72,1.0
4254,48,48,1.0
3675,20,20,1.0
1221,120,120,1.0
3089,48,48,1.0
2765,24,24,1.0
314,96,96,1.0
2778,6,6,1.0
4873,40,40,1.0
820,24,24,1.0
4084,6,6,1.0
4439,24,24,1.0
82,18,18,1.0
3573,24,24,1.0
2651,36,36,1.0
242,216,216,1.0
4812,288,288,1.0
1565,12,12,1.0
3593,24,24,1.0
3690,24,24,1.0
1567,24,24,1.0
4156,30,30,1.0
4893,12,12,1.0
645,36,36,1.0
3840,48,48,1.0
4239,40,40,1.0
307,72,72,1.0
2932,24,24,1.0
4282,32,32,1.0
3370,54,54,1.0
3860,60,60,1.0
1181,144,144,1.0
2283,12,12,1.0
4454,72,72,1.0
2214,24,24,1.0
853,150,150,1.0
1686,12,12,1.0
2036,6,6,1.0
2413,12,12,1.0
4237,40,40,1.0
4417,12,12,1.0
4970,40,40,1.0
2277,24,24,1.0
26,288,288,1.0
3392,72,72,1.0
3234,24,24,1.0
4361,1104,1104,1.0
1486,8,8,1.0
515,24,24,1.0
4066,40,40,1.0
4808,96,96,1.0
2592,168,168,1.0
4899,192,192,1.0
4220,24,24,1.0
2951,24,24,1.0
3814,24,24,1.0
2513,27,27,1.0
1881,36,36,1.0
4689,36,36,1.0
1692,24,24,1.0
5027,25,25,1.0
4327,240,240,1.0
4962,48,48,1.0
4242,48,48,1.0
3475,72,72,1.0
4300,20,20,1.0
570,30,30,1.0
180,360,360,1.0
1208,48,48,1.0
1910,192,192,1.0
781,72,72,1.0
2296,42,42,1.0
4800,96,96,1.0
101,576,576,1.0
4124,12,12,1.0
1598,48,48,1.0
1830,72,72,1.0
5053,24,24,1.0
217,36,36,1.0
4630,4,4,1.0
2702,12,12,1.0
4231,12,12,1.0
1577,36,36,1.0
1506,12,12,1.0
4574,84,84,1.0
4851,72,72,1.0
79,42,42,1.0
2163,12,12,1.0
442,24,24,1.0
2655,36,36,1.0
3152,216,216,1.0
222,60,60,1.0
371,24,24,1.0
412,12,12,1.0
4179,36,36,1.0
4152,48,48,1.0
1034,12,12,1.0
495,48,48,1.0
1024,24,24,1.0
4750,72,72,1.0
1028,48,48,1.0
4763,144,144,1.0
2613,324,324,1.0
1824,24,24,1.0
2560,28,28,1.0
476,144,144,1.0
509,16,16,1.0
331,96,96,1.0
815,6,6,1.0
3110,480,480,1.0
4319,108,108,1.0
196,24,24,1.0
4457,24,24,1.0
3253,60,60,1.0
3579,220,220,1.0
1458,6,6,1.0
2945,72,72,1.0
5008,520,520,1.0
554,144,144,1.0
3071,48,48,1.0
2920,36,36,1.0
657,48,48,1.0
700,60,60,1.0
1592,72,72,1.0
2505,72,72,1.0
3861,60,60,1.0
860,108,108,1.0
2046,18,18,1.0
833,16,16,1.0
1662,12,12,1.0
243,192,192,1.0
1681,72,72,1.0
2466,24,24,1.0
738,18,18,1.0
2142,12,12,1.0
633,40,40,1.0
2426,36,36,1.0
2086,12,12,1.0
481,96,96,1.0
3505,24,24,1.0
2394,36,36,1.0
1261,24,24,1.0
1576,24,24,1.0
3356,24,24,1.0
1803,60,60,1.0
1426,12,12,1.0
2379,12,12,1.0
1461,12,12,1.0
3125,264,264,1.0
2768,12,12,1.0
855,48,48,1.0
2406,42,42,1.0
5018,12,12,1.0
3940,12,12,1.0
2032,36,36,1.0
1348,24,24,1.0
405,12,12,1.0
4248,24,24,1.0
4927,24,24,1.0
713,72,72,1.0
3954,18,18,1.0
4473,12,12,1.0
2680,96,96,1.0
3650,18,18,1.0
755,24,24,1.0
1787,6,6,1.0
81,84,84,1.0
2405,24,24,1.0
2516,27,27,1.0
4368,180,180,1.0
4613,24,24,1.0
1843,24,24,1.0
3633,12,12,1.0
3779,60,60,1.0
4502,24,24,1.0
3899,36,36,1.0
1625,12,12,1.0
1287,48,48,1.0
4070,18,18,1.0
2549,12,12,1.0
562,30,30,1.0
864,96,96,1.0
797,30,30,1.0
2621,40,40,1.0
1720,24,24,1.0
3308,162,162,1.0
1189,288,288,1.0
4533,12,12,1.0
1776,48,48,1.0
2077,12,12,1.0
2353,16,16,1.0
3073,240,240,1.0
1171,288,288,1.0
1591,60,60,1.0
1170,36,36,1.0
2030,40,40,1.0
3301,192,192,1.0
1085,36,36,1.0
365,36,36,1.0
4947,36,36,1.0
3835,318,318,1.0
3109,120,120,1.0
4405,24,24,1.0
386,40,40,1.0
2794,24,24,1.0
944,72,72,1.0
2536,39,39,1.0
120,36,36,1.0
1548,20,20,1.0
2437,48,48,1.0
4038,36,36,1.0
4029,12,12,1.0
3414,18,18,1.0
876,960,960,1.0
2689,12,12,1.0
3248,12,12,1.0
692,40,40,1.0
2249,18,18,1.0
1223,24,24,1.0
235,96,96,1.0
2440,24,24,1.0
4072,12,12,1.0
3289,320,320,1.0
452,144,144,1.0
41,144,144,1.0
577,24,24,1.0
908,150,150,1.0
1146,144,144,1.0
317,96,96,1.0
203,216,216,1.0
2203,48,48,1.0
1860,24,24,1.0
511,48,48,1.0
893,96,96,1.0
4760,72,72,1.0
2507,48,48,1.0
2921,48,48,1.0
37,60,60,1.0
4324,180,180,1.0
4330,240,240,1.0
2159,24,24,1.0
856,72,72,1.0
463,24,24,1.0
582,12,12,1.0
883,180,180,1.0
1850,24,24,1.0
428,36,36,1.0
1985,6,6,1.0
4964,24,24,1.0
748,20,20,1.0
4671,24,24,1.0
2221,36,36,1.0
461,36,36,1.0
4049,24,24,1.0
3117,144,144,1.0
4817,96,96,1.0
310,24,24,1.0
617,20,20,1.0
480,72,72,1.0
135,168,168,1.0
420,6,6,1.0
1106,48,48,1.0
2028,18,18,1.0
507,24,24,1.0
3980,24,24,1.0
4068,48,48,1.0
398,12,12,1.0
3534,12,12,1.0
2025,16,16,1.0
3530,24,24,1.0
210,36,36,1.0
2362,24,24,1.0
1032,60,60,1.0
788,36,36,1.0
326,240,240,1.0
2066,20,20,1.0
1826,960,960,1.0
3400,96,96,1.0
4693,48,48,1.0
2577,48,48,1.0
1073,24,24,1.0
353,12,12,1.0
2589,28,28,1.0
3176,552,552,1.0
3931,20,20,1.0
4362,48,48,1.0
457,12,12,1.0
3828,72,72,1.0
3419,72,72,1.0
2567,39,39,1.0
4842,48,48,1.0
172,144,144,1.0
3930,6,6,1.0
2258,36,36,1.0
150,144,144,1.0
264,40,40,1.0
85,48,48,1.0
2696,12,12,1.0
1775,12,12,1.0
2106,32,32,1.0
1706,24,24,1.0
330,48,48,1.0
2685,24,24,1.0
4889,48,48,1.0
3946,72,72,1.0
4180,24,24,1.0
1877,24,24,1.0
2965,216,216,1.0
2006,6,6,1.0
462,48,48,1.0
594,48,48,1.0
2734,72,72,1.0
4858,48,48,1.0
4870,40,40,1.0
2572,24,24,1.0
4422,24,24,1.0
251,120,120,1.0
2754,12,12,1.0
4365,40,40,1.0
39,96,96,1.0
2371,36,36,1.0
1685,36,36,1.0
3488,24,24,1.0
1908,24,24,1.0
972,12,12,1.0
1163,192,192,1.0
2037,18,18,1.0
181,48,48,1.0
2041,54,54,1.0
4546,24,24,1.0
2519,48,48,1.0
4509,48,48,1.0
1363,216,216,1.0
148,384,384,1.0
590,36,36,1.0
4133,12,12,1.0
2704,12,12,1.0
4965,40,40,1.0
500,48,48,1.0
4996,48,48,1.0
296,96,96,1.0
426,18,18,1.0
473,36,36,1.0
2867,24,24,1.0
899,120,120,1.0
336,48,48,1.0
3166,80,80,1.0
2933,12,12,1.0
3740,24,24,1.0
1839,12,12,1.0
253,36,36,1.0
4311,20,20,1.0
1658,12,12,1.0
4942,80,80,1.0
1733,12,12,1.0
3571,24,24,1.0
639,24,24,1.0
4864,10,10,1.0
2380,18,18,1.0
1113,96,96,1.0
2800,12,12,1.0
4375,30,30,1.0
2819,24,24,1.0
2552,54,54,1.0
2252,48,48,1.0
2197,24,24,1.0
24,192,192,1.0
2101,12,12,1.0
2160,24,24,1.0
4716,48,48,1.0
1485,24,24,1.0
2047,18,18,1.0
3311,48,48,1.0
1990,4,4,1.0
3103,72,72,1.0
2079,6,6,1.0
1982,16,16,1.0
4512,12,12,1.0
485,24,24,1.0
2447,12,12,1.0
2183,18,18,1.0
1151,192,192,1.0
54,210,210,1.0
1043,48,48,1.0
4204,80,80,1.0
3190,48,48,1.0
247,24,24,1.0
464,30,30,1.0
4291,36,36,1.0
125,72,72,1.0
2190,12,12,1.0
4667,48,48,1.0
1115,24,24,1.0
3710,36,36,1.0
694,24,24,1.0
90,96,96,1.0
4993,144,144,1.0
3122,240,240,1.0
1203,48,48,1.0
204,72,72,1.0
1981,16,16,1.0
2174,12,12,1.0
1286,48,48,1.0
1008,36,36,1.0
3786,288,288,1.0
731,108,108,1.0
2637,12,12,1.0
448,144,144,1.0
489,18,18,1.0
3924,10,10,1.0
628,60,60,1.0
304,100,100,1.0
3020,36,36,1.0
2936,24,24,1.0
3638,24,24,1.0
4839,288,288,1.0
4348,126,126,1.0
4186,8,8,1.0
95,768,768,1.0
4414,48,48,1.0
3337,16,16,1.0
4039,18,18,1.0
348,12,12,1.0
2373,48,48,1.0
3091,216,216,1.0
3957,72,72,1.0
3649,10,10,1.0
1842,24,24,1.0
2665,24,24,1.0
4342,40,40,1.0
913,192,192,1.0
2475,36,36,1.0
2863,60,60,1.0
2279,12,12,1.0
3077,756,756,1.0
1772,36,36,1.0
3413,48,48,1.0
1519,18,18,1.0
568,24,24,1.0
3890,15,15,1.0
1365,24,24,1.0
1694,96,96,1.0
878,90,90,1.0
1308,48,48,1.0
1820,80,80,1.0
1855,12,12,1.0
303,72,72,1.0
5039,24,24,1.0
3496,24,24,1.0
186,96,96,1.0
3275,120,120,1.0
3758,20,20,1.0
3046,36,36,1.0
3391,48,48,1.0
3273,192,192,1.0
2805,12,12,1.0
99,84,84,1.0
2442,24,24,1.0
4608,36,36,1.0
445,24,24,1.0
3171,276,276,1.0
1291,72,72,1.0
3013,57,57,1.0
3019,48,48,1.0
2599,24,24,1.0
3658,288,288,1.0
3415,36,36,1.0
4781,48,48,1.0
1732,24,24,1.0
302,96,96,1.0
1822,24,24,1.0
2457,96,96,1.0
690,40,40,1.0
4650,12,12,1.0
1159,48,48,1.0
1734,8,8,1.0
654,20,20,1.0
2192,12,12,1.0
2767,24,24,1.0
279,288,288,1.0
289,16,16,1.0
2669,75,75,1.0
992,18,18,1.0
693,40,40,1.0
3185,48,48,1.0
4850,36,36,1.0
1889,50,50,1.0
311,96,96,1.0
1102,144,144,1.0
2841,72,72,1.0
1169,72,72,1.0
2957,96,96,1.0
3514,12,12,1.0
780,90,90,1.0
1977,8,8,1.0
1537,12,12,1.0
2224,24,24,1.0
658,24,24,1.0
408,24,24,1.0
465,24,24,1.0
3778,48,48,1.0
2787,12,12,1.0
3878,48,48,1.0
3265,96,96,1.0
3618,30,30,1.0
2886,96,96,1.0
4735,24,24,1.0
576,36,36,1.0
1913,168,168,1.0
727,60,60,1.0
1396,24,24,1.0
2983,72,72,1.0
770,24,24,1.0
4426,12,12,1.0
2633,150,150,1.0
62,240,240,1.0
3537,48,48,1.0
4675,24,24,1.0
857,72,72,1.0
1962,30,30,1.0
986,144,144,1.0
471,48,48,1.0
201,72,72,1.0
4341,20,20,1.0
2652,24,24,1.0
2344,18,18,1.0
493,288,288,1.0
603,12,12,1.0
2382,24,24,1.0
5075,5,5,1.0
1088,60,60,1.0
5111,200,200,1.0
2403,24,24,1.0
3732,60,60,1.0
4210,6,6,1.0
622,72,72,1.0
3476,18,18,1.0
2726,12,12,1.0
1048,48,48,1.0
2060,20,20,1.0
730,40,40,1.0
4915,24,24,1.0
3906,18,18,1.0
333,24,24,1.0
869,90,90,1.0
4297,36,36,1.0
77,36,36,1.0
4694,24,24,1.0
699,24,24,1.0
4434,12,12,1.0
2510,54,54,1.0
254,24,24,1.0
1793,48,48,1.0
4265,60,60,1.0
3167,96,96,1.0
1309,48,48,1.0
2383,24,24,1.0
5067,12,12,1.0
3976,36,36,1.0
4984,24,24,1.0
4268,60,60,1.0
2857,24,24,1.0
3680,40,40,1.0
291,192,192,1.0
2632,24,24,1.0
2446,36,36,1.0
1907,100,100,1.0
2793,48,48,1.0
318,36,36,1.0
2455,12,12,1.0
1487,12,12,1.0
1586,24,24,1.0
449,288,288,1.0
2005,12,12,1.0
3790,30,30,1.0
2301,36,36,1.0
3009,36,36,1.0
1440,6,6,1.0
4566,36,36,1.0
4245,40,40,1.0
4708,48,48,1.0
4898,20,20,1.0
4586,72,72,1.0
3703,40,40,1.0
2622,48,48,1.0
1912,72,72,1.0
273,144,144,1.0
521,48,48,1.0
167,96,96,1.0
2770,24,24,1.0
1511,24,24,1.0
852,150,150,1.0
3287,160,160,1.0
1879,48,48,1.0
5040,12,12,1.0
762,48,48,1.0
74,192,192,1.0
990,36,36,1.0
3904,36,36,1.0
1634,24,24,1.0
1761,6,6,1.0
3721,80,80,1.0
484,108,108,1.0
3885,20,20,1.0
2585,16,16,1.0
2250,12,12,1.0
2914,36,36,1.0
1846,48,48,1.0
3874,40,40,1.0
4835,96,96,1.0
4370,120,120,1.0
898,96,96,1.0
2248,24,24,1.0
3726,36,36,1.0
4371,84,84,1.0
21,96,96,1.0
390,18,18,1.0
941,24,24,1.0
696,30,30,1.0
4411,36,36,1.0
915,120,120,1.0
3404,54,54,1.0
4678,12,12,1.0
401,12,12,1.0
3699,40,40,1.0
2016,48,48,1.0
1482,24,24,1.0
1000,138,138,1.0
2706,12,12,1.0
3615,24,24,1.0
3306,108,108,1.0
3893,40,40,1.0
4877,48,48,1.0
3799,40,40,1.0
1810,24,24,1.0
4621,48,48,1.0
994,48,48,1.0
5107,24,24,1.0
2766,18,18,1.0
4164,96,96,1.0
3151,120,120,1.0
995,18,18,1.0
531,48,48,1.0
483,96,96,1.0
1867,24,24,1.0
127,12,12,1.0
2527,27,27,1.0
232,96,96,1.0
4471,12,12,1.0
2409,24,24,1.0
1302,48,48,1.0
4730,24,24,1.0
2085,6,6,1.0
2593,165,165,1.0
4707,24,24,1.0
1117,24,24,1.0
4281,276,276,1.0
4854,120,120,1.0
397,24,24,1.0
3771,40,40,1.0
2737,12,12,1.0
179,144,144,1.0
3172,252,252,1.0
269,288,288,1.0
1801,32,32,1.0
787,24,24,1.0
1698,96,96,1.0
422,12,12,1.0
4629,12,12,1.0
443,216,216,1.0
4786,24,24,1.0
4298,24,24,1.0
4088,36,36,1.0
1875,24,24,1.0
2322,54,54,1.0
2404,24,24,1.0
3323,40,40,1.0
817,72,72,1.0
3085,108,108,1.0
2948,96,96,1.0
3975,24,24,1.0
111,144,144,1.0
2417,48,48,1.0
602,48,48,1.0
2807,18,18,1.0
3080,144,144,1.0
2806,12,12,1.0
2733,12,12,1.0
4493,24,24,1.0
3238,24,24,1.0
892,96,96,1.0
885,160,160,1.0
3378,48,48,1.0
3576,40,40,1.0
4749,60,60,1.0
4076,72,72,1.0
3550,48,48,1.0
4274,6,6,1.0
763,12,12,1.0
947,36,36,1.0
2792,48,48,1.0
2647,16,16,1.0
2098,24,24,1.0
5064,36,36,1.0
414,18,18,1.0
4563,108,108,1.0
3810,36,36,1.0
2709,12,12,1.0
4218,24,24,1.0
1339,12,12,1.0
3281,72,72,1.0
3416,24,24,1.0
2359,24,24,1.0
4378,126,126,1.0
1490,24,24,1.0
1195,192,192,1.0
3446,36,36,1.0
1402,24,24,1.0
329,48,48,1.0
3150,48,48,1.0
327,12,12,1.0
3116,96,96,1.0
126,96,96,1.0
583,60,60,1.0
2967,24,24,1.0
2259,12,12,1.0
2650,18,18,1.0
948,24,24,1.0
504,8,8,1.0
27,240,240,1.0
2744,24,24,1.0
1730,12,12,1.0
3789,60,60,1.0
3774,24,24,1.0
158,48,48,1.0
742,72,72,1.0
1017,18,18,1.0
4141,12,12,1.0
3884,40,40,1.0
1136,120,120,1.0
4074,48,48,1.0
4487,12,12,1.0
3580,12,12,1.0
2474,156,156,1.0
2556,78,78,1.0
2148,24,24,1.0
1799,30,30,1.0
2107,48,48,1.0
1247,144,144,1.0
2235,9,9,1.0
3925,24,24,1.0
2813,36,36,1.0
2391,24,24,1.0
2105,12,12,1.0
888,180,180,1.0
1123,192,192,1.0
2521,24,24,1.0
1563,12,12,1.0
2537,12,12,1.0
1882,50,50,1.0
306,48,48,1.0
1763,12,12,1.0
2870,24,24,1.0
2043,18,18,1.0
903,60,60,1.0
350,16,16,1.0
2619,72,72,1.0
2508,27,27,1.0
1201,48,48,1.0
3079,78,78,1.0
2779,24,24,1.0
4153,24,24,1.0
1245,24,24,1.0
701,40,40,1.0
1373,48,48,1.0
5070,20,20,1.0
2178,36,36,1.0
3353,48,48,1.0
3425,12,12,1.0
1871,48,48,1.0
3339,24,24,1.0
3307,120,120,1.0
100,288,288,1.0
1492,12,12,1.0
932,48,48,1.0
3711,20,20,1.0
5049,24,24,1.0
3123,48,48,1.0
4477,6,6,1.0
723,20,20,1.0
4446,12,12,1.0
1845,48,48,1.0
4486,12,12,1.0
51,40,40,1.0
517,84,84,1.0
3886,20,20,1.0
2815,36,36,1.0
3640,12,12,1.0
4855,270,270,1.0
679,48,48,1.0
1920,20,20,1.0
3280,60,60,1.0
58,96,96,1.0
1533,12,12,1.0
3521,24,24,1.0
121,24,24,1.0
119,288,288,1.0
4736,36,36,1.0
3803,40,40,1.0
542,15,15,1.0
2966,54,54,1.0
4799,120,120,1.0
4047,24,24,1.0
2428,84,84,1.0
2439,12,12,1.0
5052,48,48,1.0
1316,216,216,1.0
3707,50,50,1.0
4581,72,72,1.0
4390,168,168,1.0
3591,16,16,1.0
3953,12,12,1.0
3824,12,12,1.0
3895,120,120,1.0
4990,18,18,1.0
684,48,48,1.0
4223,12,12,1.0
1007,18,18,1.0
3040,96,96,1.0
3088,144,144,1.0
4641,96,96,1.0
2228,24,24,1.0
190,360,360,1.0
1152,288,288,1.0
354,24,24,1.0
1897,100,100,1.0
268,72,72,1.0
2824,48,48,1.0
1687,20,20,1.0
2218,24,24,1.0
4448,24,24,1.0
1570,48,48,1.0
487,24,24,1.0
1652,24,24,1.0
40,40,40,1.0
3764,90,90,1.0
2711,32,32,1.0
2306,36,36,1.0
2388,48,48,1.0
4923,84,84,1.0
368,48,48,1.0
2150,12,12,1.0
2881,96,96,1.0
840,60,60,1.0
282,240,240,1.0
1107,96,96,1.0
4162,48,48,1.0
2133,12,12,1.0
4977,48,48,1.0
3549,8,8,1.0
3552,36,36,1.0
1394,48,48,1.0
4721,24,24,1.0
865,48,48,1.0
4596,288,288,1.0
2020,4,4,1.0
1525,36,36,1.0
1545,24,24,1.0
2361,24,24,1.0
3433,18,18,1.0
1601,36,36,1.0
2979,72,72,1.0
2883,144,144,1.0
978,36,36,1.0
3093,96,96,1.0
3902,10,10,1.0
431,24,24,1.0
1222,72,72,1.0
846,60,60,1.0
710,96,96,1.0
3387,32,32,1.0
4195,40,40,1.0
2268,36,36,1.0
3395,96,96,1.0
281,216,216,1.0
3108,24,24,1.0
2452,36,36,1.0
3766,25,25,1.0
2378,24,24,1.0
1021,36,36,1.0
2970,72,72,1.0
1361,24,24,1.0
3126,144,144,1.0
1076,48,48,1.0
1666,24,24,1.0
4557,36,36,1.0
2285,24,24,1.0
848,48,48,1.0
2335,27,27,1.0
4115,24,24,1.0
2441,96,96,1.0
2889,36,36,1.0
4904,80,80,1.0
868,90,90,1.0
661,96,96,1.0
647,84,84,1.0
2721,12,12,1.0
4007,12,12,1.0
1807,84,84,1.0
533,50,50,1.0
4081,24,24,1.0
3393,48,48,1.0
133,120,120,1.0
2026,20,20,1.0
228,36,36,1.0
3597,20,20,1.0
2902,60,60,1.0
5031,2424,2424,1.0
4690,96,96,1.0
1847,24,24,1.0
1818,24,24,1.0
3068,240,240,1.0
2239,24,24,1.0
532,360,360,1.0
188,72,72,1.0
3460,12,12,1.0
4683,12,12,1.0
165,48,48,1.0
1679,24,24,1.0
4225,12,12,1.0
1678,72,72,1.0
4336,66,66,1.0
3536,48,48,1.0
732,80,80,1.0
1751,12,12,1.0
4391,12,12,1.0
3621,80,80,1.0
1022,96,96,1.0
2126,12,12,1.0
2962,24,24,1.0
1153,192,192,1.0
3545,24,24,1.0
1096,192,192,1.0
954,72,72,1.0
794,20,20,1.0
3038,24,24,1.0
364,24,24,1.0
4843,96,96,1.0
64,144,144,1.0
2831,18,18,1.0
1418,24,24,1.0
2097,4,4,1.0
162,36,36,1.0
735,80,80,1.0
1191,144,144,1.0
2699,120,120,1.0
4971,80,80,1.0
928,48,48,1.0
3282,36,36,1.0
4136,30,30,1.0
2663,12,12,1.0
4002,28,28,1.0
2184,24,24,1.0
5082,12,12,1.0
4517,12,12,1.0
1290,90,90,1.0
1269,24,24,1.0
720,60,60,1.0
960,180,180,1.0
2617,162,162,1.0
4419,108,108,1.0
4934,20,20,1.0
4589,48,48,1.0
3662,12,12,1.0
1791,24,24,1.0
3616,20,20,1.0
4974,48,48,1.0
2614,18,18,1.0
3200,36,36,1.0
286,72,72,1.0
2117,12,12,1.0
2576,36,36,1.0
4919,216,216,1.0
1716,12,12,1.0
3384,108,108,1.0
1281,96,96,1.0
1683,64,64,1.0
2256,12,12,1.0
4824,20,20,1.0
4937,20,20,1.0
2917,48,48,1.0
664,72,72,1.0
4019,24,24,1.0
506,48,48,1.0
3942,36,36,1.0
216,48,48,1.0
2504,120,120,1.0
3030,24,24,1.0
2580,48,48,1.0
3097,240,240,1.0
1313,96,96,1.0
3035,24,24,1.0
866,72,72,1.0
4514,12,12,1.0
630,50,50,1.0
4731,36,36,1.0
979,108,108,1.0
1003,168,168,1.0
4143,12,12,1.0
4061,24,24,1.0
1893,48,48,1.0
675,10,10,1.0
968,120,120,1.0
134,168,168,1.0
1675,12,12,1.0
4257,16,16,1.0
4227,32,32,1.0
385,18,18,1.0
4410,18,18,1.0
4556,12,12,1.0
2019,24,24,1.0
814,72,72,1.0
1172,72,72,1.0
5044,12,12,1.0
3451,24,24,1.0
724,80,80,1.0
4943,48,48,1.0
3424,18,18,1.0
4087,30,30,1.0
4051,12,12,1.0
2464,48,48,1.0
2803,12,12,1.0
1135,192,192,1.0
3581,36,36,1.0
3076,12,12,1.0
3704,48,48,1.0
4876,20,20,1.0
4659,360,360,1.0
4726,24,24,1.0
3480,72,72,1.0
1248,72,72,1.0
3834,96,96,1.0
2529,54,54,1.0
3493,24,24,1.0
4056,6,6,1.0
1936,54,54,1.0
215,96,96,1.0
3987,12,12,1.0
1796,24,24,1.0
2282,12,12,1.0
4196,12,12,1.0
3031,45,45,1.0
5016,144,144,1.0
3010,48,48,1.0
2149,24,24,1.0
2012,9,9,1.0
65,240,240,1.0
338,24,24,1.0
1305,12,12,1.0
2465,48,48,1.0
4872,40,40,1.0
4818,8,8,1.0
2093,12,12,1.0
4006,24,24,1.0
956,40,40,1.0
4712,48,48,1.0
4238,80,80,1.0
5097,12,12,1.0
76,192,192,1.0
4157,18,18,1.0
4949,156,156,1.0
4498,24,24,1.0
1410,24,24,1.0
3402,48,48,1.0
4560,24,24,1.0
4037,12,12,1.0
804,20,20,1.0
2494,24,24,1.0
3993,24,24,1.0
2937,24,24,1.0
5063,12,12,1.0
3053,60,60,1.0
4389,84,84,1.0
3989,12,12,1.0
736,20,20,1.0
621,40,40,1.0
4900,288,288,1.0
3195,40,40,1.0
702,60,60,1.0
4983,24,24,1.0
1896,50,50,1.0
3372,144,144,1.0
3140,93,93,1.0
4100,24,24,1.0
1543,12,12,1.0
1752,10,10,1.0
3751,24,24,1.0
4384,15,15,1.0
1894,50,50,1.0
14,240,240,1.0
96,384,384,1.0
2609,104,104,1.0
1367,24,24,1.0
593,20,20,1.0
1947,12,12,1.0
1260,24,24,1.0
2871,48,48,1.0
32,80,80,1.0
3439,40,40,1.0
4480,36,36,1.0
3463,8,8,1.0
5022,48,48,1.0
4450,6,6,1.0
1164,216,216,1.0
1346,96,96,1.0
1380,48,48,1.0
3214,144,144,1.0
1241,24,24,1.0
2313,12,12,1.0
4205,180,180,1.0
4123,12,12,1.0
2926,24,24,1.0
3330,72,72,1.0
2067,10,10,1.0
1083,24,24,1.0
2472,78,78,1.0
3082,111,111,1.0
2395,24,24,1.0
1948,12,12,1.0
255,24,24,1.0
1917,12,12,1.0
1493,12,12,1.0
3236,24,24,1.0
5071,5,5,1.0
1198,48,48,1.0
895,60,60,1.0
305,48,48,1.0
3170,384,384,1.0
3290,72,72,1.0
2215,24,24,1.0
795,45,45,1.0
294,120,120,1.0
4040,18,18,1.0
3394,96,96,1.0
3921,12,12,1.0
3553,24,24,1.0
3815,12,12,1.0
3390,12,12,1.0
161,216,216,1.0
4266,60,60,1.0
1650,24,24,1.0
3958,36,36,1.0
4713,48,48,1.0
4590,72,72,1.0
615,27,27,1.0
1279,24,24,1.0
651,60,60,1.0
3642,12,12,1.0
1701,30,30,1.0
4702,192,192,1.0
3293,144,144,1.0
2104,54,54,1.0
4538,42,42,1.0
1727,8,8,1.0
2624,216,216,1.0
1542,72,72,1.0
3723,12,12,1.0
3962,15,15,1.0
4823,40,40,1.0
1642,24,24,1.0
3376,18,18,1.0
1762,4,4,1.0
3816,24,24,1.0
4980,36,36,1.0
4657,12,12,1.0
2298,48,48,1.0
2928,36,36,1.0
5006,60,60,1.0
2829,24,24,1.0
4334,84,84,1.0
199,168,168,1.0
2542,27,27,1.0
1680,72,72,1.0
3466,72,72,1.0
1688,20,20,1.0
629,12,12,1.0
2348,48,48,1.0
4380,126,126,1.0
4176,12,12,1.0
4828,48,48,1.0
437,6,6,1.0
4258,24,24,1.0
2608,104,104,1.0
4483,24,24,1.0
4350,252,252,1.0
1202,24,24,1.0
5093,60,60,1.0
967,160,160,1.0
3602,12,12,1.0
1530,24,24,1.0
73,36,36,1.0
2670,120,120,1.0
2895,36,36,1.0
1399,24,24,1.0
176,48,48,1.0
4251,48,48,1.0
3105,144,144,1.0
2108,36,36,1.0
2497,48,48,1.0
3379,12,12,1.0
211,40,40,1.0
757,54,54,1.0
4755,144,144,1.0
1311,144,144,1.0
2167,12,12,1.0
3842,48,48,1.0
3919,12,12,1.0
1217,24,24,1.0
1360,72,72,1.0
3695,108,108,1.0
2884,102,102,1.0
3656,144,144,1.0
1813,30,30,1.0
2690,12,12,1.0
2065,10,10,1.0
2590,28,28,1.0
4271,6,6,1.0
4091,72,72,1.0
2119,24,24,1.0
564,14,14,1.0
4743,72,72,1.0
225,48,48,1.0
4542,36,36,1.0
1952,6,6,1.0
1961,6,6,1.0
470,72,72,1.0
5078,12,12,1.0
3271,72,72,1.0
773,36,36,1.0
5047,48,48,1.0
5004,96,96,1.0
1001,300,300,1.0
827,48,48,1.0
259,144,144,1.0
1927,6,6,1.0
1771,12,12,1.0
3967,12,12,1.0
3453,36,36,1.0
4909,72,72,1.0
2243,12,12,1.0
3681,24,24,1.0
2943,48,48,1.0
1256,72,72,1.0
2944,24,24,1.0
2959,36,36,1.0
3612,32,32,1.0
2002,6,6,1.0
3794,20,20,1.0
1068,192,192,1.0
1887,72,72,1.0
2125,24,24,1.0
3777,48,48,1.0
2031,80,80,1.0
1585,72,72,1.0
3813,24,24,1.0
301,288,288,1.0
934,24,24,1.0
200,240,240,1.0
4465,24,24,1.0
2169,24,24,1.0
2956,24,24,1.0
4503,36,36,1.0
2343,12,12,1.0
1622,12,12,1.0
3928,10,10,1.0
2747,24,24,1.0
3222,24,24,1.0
4975,12,12,1.0
4024,24,24,1.0
3709,48,48,1.0
1774,24,24,1.0
1797,48,48,1.0
2890,36,36,1.0
230,144,144,1.0
4649,8,8,1.0
4981,36,36,1.0
2845,216,216,1.0
4071,12,12,1.0
319,48,48,1.0
4387,156,156,1.0
141,168,168,1.0
2401,24,24,1.0
1354,24,24,1.0
4645,60,60,1.0
966,120,120,1.0
5104,24,24,1.0
4166,24,24,1.0
1384,24,24,1.0
3685,480,480,1.0
2429,96,96,1.0
1713,36,36,1.0
4325,48,48,1.0
3578,110,110,1.0
4113,24,24,1.0
514,36,36,1.0
4194,20,20,1.0
3406,12,12,1.0
3606,12,12,1.0
1784,12,12,1.0
4699,12,12,1.0
3049,279,279,1.0
4591,24,24,1.0
2820,48,48,1.0
3354,24,24,1.0
1848,144,144,1.0
2790,12,12,1.0
4978,36,36,1.0
917,6,6,1.0
1505,24,24,1.0
1930,20,20,1.0
2470,48,48,1.0
3926,24,24,1.0
1655,24,24,1.0
1928,6,6,1.0
4789,96,96,1.0
4656,20,20,1.0
3854,180,180,1.0
4920,48,48,1.0
1470,12,12,1.0
3258,70,70,1.0
2291,24,24,1.0
1061,192,192,1.0
3001,72,72,1.0
1515,12,12,1.0
4403,24,24,1.0
4732,36,36,1.0
764,18,18,1.0
1898,36,36,1.0
341,48,48,1.0
3554,24,24,1.0
2952,120,120,1.0
3481,60,60,1.0
1886,50,50,1.0
1932,8,8,1.0
2491,48,48,1.0
984,48,48,1.0
2154,72,72,1.0
4655,12,12,1.0
1090,48,48,1.0
146,72,72,1.0
2834,60,60,1.0
1234,48,48,1.0
2610,72,72,1.0
2925,108,108,1.0
728,32,32,1.0
2147,24,24,1.0
1973,6,6,1.0
93,180,180,1.0
2773,12,12,1.0
4887,216,216,1.0
4640,192,192,1.0
4785,72,72,1.0
4724,48,48,1.0
4021,6,6,1.0
2316,18,18,1.0
3063,210,210,1.0
3577,12,12,1.0
3646,48,48,1.0
2753,12,12,1.0
1182,144,144,1.0
3428,36,36,1.0
1131,24,24,1.0
3014,72,72,1.0
1568,24,24,1.0
1065,192,192,1.0
4681,12,12,1.0
2961,48,48,1.0
1745,36,36,1.0
4441,72,72,1.0
3371,18,18,1.0
3661,36,36,1.0
4158,12,12,1.0
5034,144,144,1.0
4353,90,90,1.0
3831,32,32,1.0
154,48,48,1.0
153,192,192,1.0
4463,24,24,1.0
1672,24,24,1.0
1437,36,36,1.0
3531,144,144,1.0
3133,120,120,1.0
2234,24,24,1.0
1597,36,36,1.0
3276,144,144,1.0
1108,48,48,1.0
2523,48,48,1.0
4184,80,80,1.0
2738,12,12,1.0
1646,12,12,1.0
3498,24,24,1.0
2676,12,12,1.0
3231,144,144,1.0
1998,6,6,1.0
2535,39,39,1.0
4376,252,252,1.0
997,6,6,1.0
697,20,20,1.0
3277,48,48,1.0
3971,6,6,1.0
3867,12,12,1.0
3669,12,12,1.0
3217,288,288,1.0
4884,24,24,1.0
3039,48,48,1.0
1080,48,48,1.0
3086,280,280,1.0
4171,24,24,1.0
3585,18,18,1.0
2662,36,36,1.0
1303,96,96,1.0
2156,24,24,1.0
2668,24,24,1.0
2864,48,48,1.0
4783,72,72,1.0
4022,12,12,1.0
391,12,12,1.0
4466,24,24,1.0
1086,36,36,1.0
2600,12,12,1.0
4809,24,24,1.0
4891,8,8,1.0
925,120,120,1.0
4639,96,96,1.0
4846,24,24,1.0
963,12,12,1.0
2924,48,48,1.0
147,216,216,1.0
4020,12,12,1.0
4183,48,48,1.0
3294,96,96,1.0
1863,48,48,1.0
1166,36,36,1.0
3781,60,60,1.0
1689,20,20,1.0
1964,6,6,1.0
380,24,24,1.0
641,48,48,1.0
4415,27,27,1.0
4734,24,24,1.0
4698,36,36,1.0
3268,24,24,1.0
3859,240,240,1.0
3448,12,12,1.0
667,36,36,1.0
2471,24,24,1.0
1640,12,12,1.0
458,24,24,1.0
4795,24,24,1.0
2832,48,48,1.0
221,120,120,1.0
2210,12,12,1.0
2070,10,10,1.0
4794,48,48,1.0
2565,408,408,1.0
1779,48,48,1.0
766,30,30,1.0
3229,24,24,1.0
1633,48,48,1.0
953,144,144,1.0
3483,72,72,1.0
3083,48,48,1.0
1406,24,24,1.0
3482,144,144,1.0
2233,48,48,1.0
4247,12,12,1.0
5002,24,24,1.0
1757,12,12,1.0
3348,12,12,1.0
4328,120,120,1.0
2982,48,48,1.0
2100,24,24,1.0
4837,192,192,1.0
1555,24,24,1.0
1559,12,12,1.0
168,96,96,1.0
2135,48,48,1.0
623,42,42,1.0
1636,36,36,1.0
2131,24,24,1.0
3590,12,12,1.0
2181,24,24,1.0
2089,30,30,1.0
227,144,144,1.0
2684,12,12,1.0
608,54,54,1.0
1657,24,24,1.0
4905,180,180,1.0
416,45,45,1.0
3959,24,24,1.0
313,96,96,1.0
4740,120,120,1.0
4762,72,72,1.0
1892,12,12,1.0
3347,24,24,1.0
2997,36,36,1.0
4552,42,42,1.0
2260,12,12,1.0
2573,24,24,1.0
1673,12,12,1.0
4203,40,40,1.0
4744,48,48,1.0
3614,10,10,1.0
1615,48,48,1.0
2496,24,24,1.0
2761,12,12,1.0
2450,72,72,1.0
3654,24,24,1.0
3145,198,198,1.0
455,48,48,1.0
4381,126,126,1.0
2042,54,54,1.0
2511,24,24,1.0
2849,72,72,1.0
4367,60,60,1.0
2448,12,12,1.0
4082,24,24,1.0
3877,24,24,1.0
1071,40,40,1.0
258,96,96,1.0
3272,144,144,1.0
3523,144,144,1.0
604,40,40,1.0
1711,24,24,1.0
356,24,24,1.0
1992,2,2,1.0
4425,24,24,1.0
1717,24,24,1.0
1416,12,12,1.0
1243,24,24,1.0
3718,48,48,1.0
2678,36,36,1.0
1478,6,6,1.0
4647,132,132,1.0
2574,12,12,1.0
2865,96,96,1.0
1999,18,18,1.0
2058,40,40,1.0
1955,6,6,1.0
3361,18,18,1.0
3730,20,20,1.0
4215,12,12,1.0
3279,72,72,1.0
413,45,45,1.0
813,18,18,1.0
3465,144,144,1.0
1064,144,144,1.0
2007,6,6,1.0
3124,72,72,1.0
3839,48,48,1.0
1188,384,384,1.0
1468,18,18,1.0
4587,96,96,1.0
3397,36,36,1.0
4125,12,12,1.0
1428,12,12,1.0
4305,6,6,1.0
1011,24,24,1.0
2034,36,36,1.0
2127,12,12,1.0
3947,6,6,1.0
612,48,48,1.0
2063,10,10,1.0
689,96,96,1.0
4604,48,48,1.0
1165,48,48,1.0
4881,252,252,1.0
802,48,48,1.0
2128,48,48,1.0
3745,8,8,1.0
3979,12,12,1.0
1436,72,72,1.0
1059,192,192,1.0
256,48,48,1.0
2476,4,4,1.0
778,8,8,1.0
4253,80,80,1.0
2879,120,120,1.0
178,144,144,1.0
890,48,48,1.0
1129,48,48,1.0
2129,12,12,1.0
335,48,48,1.0
4333,252,252,1.0
3896,96,96,1.0
3204,6,6,1.0
2548,24,24,1.0
3782,12,12,1.0
4249,12,12,1.0
322,36,36,1.0
4902,240,240,1.0
4720,36,36,1.0
308,24,24,1.0
3715,36,36,1.0
5020,24,24,1.0
4559,24,24,1.0
2084,6,6,1.0
1782,120,120,1.0
2597,120,120,1.0
3960,24,24,1.0
1613,36,36,1.0
1488,24,24,1.0
2498,48,48,1.0
2987,36,36,1.0
2307,12,12,1.0
902,192,192,1.0
3696,20,20,1.0
2157,12,12,1.0
874,72,72,1.0
4944,160,160,1.0
4347,252,252,1.0
906,36,36,1.0
1054,288,288,1.0
1155,144,144,1.0
2774,9,9,1.0
4440,12,12,1.0
3841,48,48,1.0
1997,6,6,1.0
1340,4,4,1.0
2981,36,36,1.0
4845,72,72,1.0
2341,9,9,1.0
4504,12,12,1.0
4144,12,12,1.0
1494,12,12,1.0
1422,96,96,1.0
930,72,72,1.0
4277,24,24,1.0
2612,12,12,1.0
2968,36,36,1.0
272,24,24,1.0
370,24,24,1.0
202,144,144,1.0
293,16,16,1.0
1809,76,76,1.0
4481,6,6,1.0
1780,24,24,1.0
4865,40,40,1.0
3868,10,10,1.0
551,12,12,1.0
129,144,144,1.0
4438,12,12,1.0
2023,12,12,1.0
3742,12,12,1.0
739,40,40,1.0
1958,6,6,1.0
3582,4,4,1.0
4626,24,24,1.0
1145,192,192,1.0
2544,12,12,1.0
1854,48,48,1.0
1805,24,24,1.0
4646,48,48,1.0
2124,36,36,1.0
1794,20,20,1.0
1710,12,12,1.0
974,24,24,1.0
4427,9,9,1.0
5029,144,144,1.0
2558,78,78,1.0
2021,12,12,1.0
409,12,12,1.0
1401,96,96,1.0
4815,192,192,1.0
5021,24,24,1.0
1560,24,24,1.0
4833,240,240,1.0
2911,72,72,1.0
2342,36,36,1.0
2846,246,246,1.0
499,24,24,1.0
2731,12,12,1.0
3162,144,144,1.0
3848,24,24,1.0
4467,24,24,1.0
3713,60,60,1.0
712,60,60,1.0
2697,24,24,1.0
1766,24,24,1.0
4620,54,54,1.0
2882,96,96,1.0
1783,24,24,1.0
4433,72,72,1.0
236,144,144,1.0
2627,36,36,1.0
2161,24,24,1.0
1804,36,36,1.0
2270,12,12,1.0
5000,12,12,1.0
2075,8,8,1.0
4030,12,12,1.0
2723,12,12,1.0
1046,80,80,1.0
2847,96,96,1.0
4452,24,24,1.0
4697,72,72,1.0
1372,12,12,1.0
4003,24,24,1.0
334,24,24,1.0
2269,24,24,1.0
2843,144,144,1.0
4614,24,24,1.0
3036,78,78,1.0
4634,4,4,1.0
4798,240,240,1.0
1781,36,36,1.0
3034,48,48,1.0
3619,15,15,1.0
760,180,180,1.0
4894,24,24,1.0
2216,12,12,1.0
3025,20,20,1.0
3909,30,30,1.0
1989,12,12,1.0
2209,12,12,1.0
1403,24,24,1.0
2329,36,36,1.0
183,48,48,1.0
1150,384,384,1.0
971,12,12,1.0
5109,66,66,1.0
4105,12,12,1.0
2503,60,60,1.0
3546,24,24,1.0
3047,60,60,1.0
3042,39,39,1.0
5117,20,20,1.0
2033,18,18,1.0
1431,12,12,1.0
4182,24,24,1.0
2760,12,12,1.0
4294,60,60,1.0
2812,48,48,1.0
2485,24,24,1.0
3041,78,78,1.0
1176,72,72,1.0
3112,48,48,1.0
2069,20,20,1.0
3804,72,72,1.0
3627,24,24,1.0
3796,20,20,1.0
3127,192,192,1.0
4966,20,20,1.0
3358,12,12,1.0
1945,6,6,1.0
1931,24,24,1.0
2071,10,10,1.0
708,20,20,1.0
2241,12,12,1.0
4261,40,40,1.0
2152,12,12,1.0
1520,12,12,1.0
3327,12,12,1.0
4540,72,72,1.0
3095,28,28,1.0
3948,36,36,1.0
4695,96,96,1.0
3314,40,40,1.0
3822,12,12,1.0
4578,96,96,1.0
881,384,384,1.0
635,48,48,1.0
4055,48,48,1.0
807,48,48,1.0
2688,24,24,1.0
2974,96,96,1.0
2661,96,96,1.0
1154,96,96,1.0
2225,12,12,1.0
1027,24,24,1.0
4682,24,24,1.0
1736,24,24,1.0
4960,24,24,1.0
3978,12,12,1.0
1475,24,24,1.0
508,48,48,1.0
3130,264,264,1.0
3818,72,72,1.0
271,216,216,1.0
744,40,40,1.0
375,96,96,1.0
2309,12,12,1.0
3583,12,12,1.0
2838,108,108,1.0
4499,24,24,1.0
1326,6,6,1.0
589,12,12,1.0
3635,24,24,1.0
1540,72,72,1.0
1268,24,24,1.0
2789,24,24,1.0
3443,108,108,1.0
4385,156,156,1.0
3570,16,16,1.0
4746,48,48,1.0
434,36,36,1.0
5055,24,24,1.0
4229,40,40,1.0
716,120,120,1.0
52,100,100,1.0
3458,24,24,1.0
1448,6,6,1.0
4098,48,48,1.0
970,6,6,1.0
3791,24,24,1.0
4684,12,12,1.0
208,72,72,1.0
811,36,36,1.0
4036,12,12,1.0
5030,72,72,1.0
2935,24,24,1.0
2081,6,6,1.0
2876,84,84,1.0
2328,12,12,1.0
3144,48,48,1.0
4255,24,24,1.0
3963,24,24,1.0
4711,144,144,1.0
3058,360,360,1.0
4999,72,72,1.0
72,48,48,1.0
502,108,108,1.0
4747,36,36,1.0
4160,10,10,1.0
4554,42,42,1.0
4054,40,40,1.0
4669,48,48,1.0
1233,20,20,1.0
2144,48,48,1.0
1978,6,6,1.0
2372,24,24,1.0
246,40,40,1.0
1558,12,12,1.0
3495,24,24,1.0
3184,120,120,1.0
1077,30,30,1.0
3501,24,24,1.0
1283,72,72,1.0
3317,24,24,1.0
4363,96,96,1.0
2202,48,48,1.0
1631,24,24,1.0
1132,144,144,1.0
4767,48,48,1.0
3491,288,288,1.0
4086,24,24,1.0
1058,360,360,1.0
2615,104,104,1.0
4772,32,32,1.0
1239,72,72,1.0
2559,12,12,1.0
1197,6,6,1.0
4316,252,252,1.0
1052,24,24,1.0
3218,24,24,1.0
2090,4,4,1.0
108,48,48,1.0
4901,144,144,1.0
2061,10,10,1.0
3304,156,156,1.0
4046,60,60,1.0
4138,24,24,1.0
1756,12,12,1.0
1491,18,18,1.0
983,24,24,1.0
3795,20,20,1.0
4903,25,25,1.0
4234,16,16,1.0
3462,24,24,1.0
4449,6,6,1.0
1639,12,12,1.0
3870,20,20,1.0
2563,36,36,1.0
2276,96,96,1.0
1334,12,12,1.0
1209,24,24,1.0
911,8,8,1.0
2587,96,96,1.0
4200,60,60,1.0
1414,12,12,1.0
733,40,40,1.0
3396,24,24,1.0
3717,24,24,1.0
3969,24,24,1.0
4605,72,72,1.0
1341,6,6,1.0
2502,24,24,1.0
3596,20,20,1.0
3024,36,36,1.0
4304,24,24,1.0
156,144,144,1.0
419,6,6,1.0
4622,24,24,1.0
4705,72,72,1.0
2402,12,12,1.0
5010,100,100,1.0
3096,240,240,1.0
943,96,96,1.0
2701,24,24,1.0
2905,48,48,1.0
372,312,312,1.0
2370,12,12,1.0
912,16,16,1.0
1421,12,12,1.0
3677,20,20,1.0
1315,96,96,1.0
1497,8,8,1.0
601,16,16,1.0
3746,20,20,1.0
3043,60,60,1.0
1040,60,60,1.0
276,288,288,1.0
2273,18,18,1.0
1079,60,60,1.0
4982,12,12,1.0
4202,60,60,1.0
1212,6,6,1.0
2860,6,6,1.0
975,48,48,1.0
2332,12,12,1.0
591,48,48,1.0
737,120,120,1.0
2681,20,20,1.0
128,96,96,1.0
3748,40,40,1.0
1911,72,72,1.0
4406,5,5,1.0
3296,36,36,1.0
2360,32,32,1.0
5001,72,72,1.0
479,96,96,1.0
2194,72,72,1.0
155,144,144,1.0
1441,144,144,1.0
3401,120,120,1.0
4585,48,48,1.0
1974,6,6,1.0
4004,12,12,1.0
4567,30,30,1.0
2657,12,12,1.0
2340,12,12,1.0
2326,18,18,1.0
4121,24,24,1.0
2776,12,12,1.0
3295,36,36,1.0
2165,12,12,1.0
3360,12,12,1.0
3540,48,48,1.0
4272,8,8,1.0
3724,12,12,1.0
4863,12,12,1.0
5108,24,24,1.0
486,96,96,1.0
1215,54,54,1.0
3983,12,12,1.0
3346,24,24,1.0
1840,24,24,1.0
2134,6,6,1.0
424,12,12,1.0
1355,24,24,1.0
2771,24,24,1.0
3061,24,24,1.0
1472,12,12,1.0
2741,12,12,1.0
2578,72,72,1.0
1252,24,24,1.0
4122,6,6,1.0
1939,4,4,1.0
3653,288,288,1.0
3562,24,24,1.0
1790,12,12,1.0
1062,144,144,1.0
4358,66,66,1.0
2299,42,42,1.0
3862,60,60,1.0
2094,6,6,1.0
528,36,36,1.0
1602,12,12,1.0
2315,48,48,1.0
3719,24,24,1.0
4190,16,16,1.0
4788,48,48,1.0
844,20,20,1.0
3880,180,180,1.0
4198,24,24,1.0
2728,12,12,1.0
4027,12,12,1.0
1994,6,6,1.0
5099,12,12,1.0
4134,16,16,1.0
3812,6,6,1.0
644,40,40,1.0
3141,1200,1200,1.0
3852,60,60,1.0
347,12,12,1.0
2001,24,24,1.0
1747,36,36,1.0
1618,24,24,1.0
1484,36,36,1.0
2493,48,48,1.0
2368,12,12,1.0
3768,12,12,1.0
951,24,24,1.0
4706,24,24,1.0
1474,24,24,1.0
490,12,12,1.0
4575,72,72,1.0
2840,132,132,1.0
241,144,144,1.0
3312,144,144,1.0
1370,72,72,1.0
862,72,72,1.0
4151,30,30,1.0
4602,12,12,1.0
5056,12,12,1.0
2418,48,48,1.0
5,192,192,1.0
2364,18,18,1.0
1148,96,96,1.0
5089,60,60,1.0
2984,60,60,1.0
2748,12,12,1.0
2022,24,24,1.0
1358,12,12,1.0
550,50,50,1.0
4460,24,24,1.0
2390,18,18,1.0
1030,36,36,1.0
2964,24,24,1.0
4886,36,36,1.0
1496,12,12,1.0
1228,48,48,1.0
2947,24,24,1.0
2182,12,12,1.0
4312,20,20,1.0
4014,176,176,1.0
3497,12,12,1.0
3000,36,36,1.0
4564,72,72,1.0
4897,24,24,1.0
1374,72,72,1.0
1255,10,10,1.0
4853,24,24,1.0
1337,24,24,1.0
1130,72,72,1.0
3955,40,40,1.0
3917,80,80,1.0
3017,24,24,1.0
4778,60,60,1.0
3964,12,12,1.0
1405,12,12,1.0
2672,80,80,1.0
3949,24,24,1.0
2528,27,27,1.0
2246,24,24,1.0
1667,12,12,1.0
1605,48,48,1.0
2764,12,12,1.0
4666,48,48,1.0
2950,24,24,1.0
1156,96,96,1.0
3252,144,144,1.0
4012,32,32,1.0
775,24,24,1.0
2605,144,144,1.0
4383,20,20,1.0
4759,144,144,1.0
4867,10,10,1.0
2136,6,6,1.0
4569,36,36,1.0
3937,10,10,1.0
3449,96,96,1.0
174,48,48,1.0
2906,84,84,1.0
4727,48,48,1.0
2449,36,36,1.0
4329,120,120,1.0
2682,36,36,1.0
691,96,96,1.0
1320,12,12,1.0
1424,24,24,1.0
2110,12,12,1.0
753,20,20,1.0
163,96,96,1.0
599,32,32,1.0
1817,12,12,1.0
1604,24,24,1.0
3186,132,132,1.0
2811,48,48,1.0
751,80,80,1.0
2642,16,16,1.0
3119,48,48,1.0
435,36,36,1.0
3157,1008,1008,1.0
2934,72,72,1.0
3219,48,48,1.0
1878,100,100,1.0
2885,66,66,1.0
4235,12,12,1.0
1295,24,24,1.0
3423,108,108,1.0
1643,12,12,1.0
4008,12,12,1.0
2986,36,36,1.0
4262,24,24,1.0
117,96,96,1.0
2833,18,18,1.0
1718,12,12,1.0
3998,24,24,1.0
4769,36,36,1.0
4935,20,20,1.0
2375,36,36,1.0
682,18,18,1.0
705,20,20,1.0
4216,36,36,1.0
2433,144,144,1.0
1572,24,24,1.0
4956,132,132,1.0
4787,48,48,1.0
1375,24,24,1.0
1301,12,12,1.0
3691,32,32,1.0
4318,120,120,1.0
2759,54,54,1.0
1330,12,12,1.0
4658,12,12,1.0
2949,48,48,1.0
3847,12,12,1.0
239,144,144,1.0
1599,24,24,1.0
3901,24,24,1.0
497,24,24,1.0
988,12,12,1.0
4053,12,12,1.0
3907,36,36,1.0
2554,27,27,1.0
4921,96,96,1.0
4797,12,12,1.0
791,45,45,1.0
1112,48,48,1.0
4926,72,72,1.0
3187,36,36,1.0
498,12,12,1.0
3701,12,12,1.0
513,24,24,1.0
676,20,20,1.0
3891,12,12,1.0
5083,12,12,1.0
4488,24,24,1.0
284,288,288,1.0
3674,60,60,1.0
1047,48,48,1.0
2229,24,24,1.0
4382,126,126,1.0
1366,48,48,1.0
2004,12,12,1.0
1157,96,96,1.0
4148,20,20,1.0
776,12,12,1.0
4159,12,12,1.0
446,108,108,1.0
3325,12,12,1.0
4211,12,12,1.0
1314,72,72,1.0
2693,12,12,1.0
4107,12,12,1.0
1094,192,192,1.0
4322,24,24,1.0
2664,12,12,1.0
4494,12,12,1.0
4331,120,120,1.0
4662,12,12,1.0
361,12,12,1.0
3504,12,12,1.0
4729,36,36,1.0
2205,12,12,1.0
1081,36,36,1.0
374,24,24,1.0
3652,24,24,1.0
4083,20,20,1.0
2323,12,12,1.0
4822,24,24,1.0
3283,70,70,1.0
3900,24,24,1.0
4025,24,24,1.0
942,12,12,1.0
3918,36,36,1.0
3733,24,24,1.0
1737,4,4,1.0
3362,18,18,1.0
2755,36,36,1.0
1703,20,20,1.0
1025,24,24,1.0
1075,96,96,1.0
2739,12,12,1.0
3763,24,24,1.0
2201,24,24,1.0
5066,12,12,1.0
3189,48,48,1.0
2059,10,10,1.0
845,24,24,1.0
4314,126,126,1.0
721,20,20,1.0
758,20,20,1.0
1103,96,96,1.0
2139,24,24,1.0
2938,12,12,1.0
1916,9,9,1.0
1984,48,48,1.0
5069,48,48,1.0
3156,336,336,1.0
2459,24,24,1.0
3418,288,288,1.0
1386,24,24,1.0
3572,24,24,1.0
2582,104,104,1.0
4907,30,30,1.0
1231,240,240,1.0
4010,6,6,1.0
2132,12,12,1.0
4042,24,24,1.0
3435,252,252,1.0
4856,1900,1900,1.0
1942,6,6,1.0
2112,24,24,1.0
937,24,24,1.0
4527,24,24,1.0
192,48,48,1.0
2777,12,12,1.0
4580,48,48,1.0
4119,24,24,1.0
3776,12,12,1.0
3747,40,40,1.0
1091,96,96,1.0
3785,10,10,1.0
2743,12,12,1.0
4343,264,264,1.0
4332,120,120,1.0
3138,10,10,1.0
3431,84,84,1.0
1467,6,6,1.0
5076,5,5,1.0
3249,20,20,1.0
394,18,18,1.0
1089,96,96,1.0
867,60,60,1.0
4163,30,30,1.0
4286,12,12,1.0
3780,40,40,1.0
229,216,216,1.0
4140,36,36,1.0
2618,12,12,1.0
2477,56,56,1.0
288,192,192,1.0
3065,252,252,1.0
3569,60,60,1.0
4952,192,192,1.0
2799,24,24,1.0
3225,48,48,1.0
3473,24,24,1.0
2040,18,18,1.0
3558,24,24,1.0
2180,96,96,1.0
976,60,60,1.0
3284,48,48,1.0
557,12,12,1.0
3181,48,48,1.0
642,24,24,1.0
2570,24,24,1.0
3028,54,54,1.0
4631,4,4,1.0
4737,30,30,1.0
4146,12,12,1.0
4395,24,24,1.0
3879,144,144,1.0
998,96,96,1.0
3159,60,60,1.0
1347,60,60,1.0
3787,40,40,1.0
2963,36,36,1.0
1517,36,36,1.0
722,60,60,1.0
5054,12,12,1.0
2586,24,24,1.0
4776,156,156,1.0
4768,24,24,1.0
3037,84,84,1.0
1184,36,36,1.0
3856,360,360,1.0
4696,96,96,1.0
1489,24,24,1.0
1376,24,24,1.0
3684,24,24,1.0
2130,12,12,1.0
488,36,36,1.0
377,96,96,1.0
1949,12,12,1.0
3667,24,24,1.0
4623,24,24,1.0
1251,48,48,1.0
4099,72,72,1.0
2785,12,12,1.0
4976,24,24,1.0
1342,6,6,1.0
3169,156,156,1.0
871,24,24,1.0
3220,12,12,1.0
5092,60,60,1.0
1758,12,12,1.0
4101,48,48,1.0
3355,24,24,1.0
4155,36,36,1.0
950,48,48,1.0
2003,9,9,1.0
2345,24,24,1.0
585,12,12,1.0
4676,24,24,1.0
3298,144,144,1.0
1724,10,10,1.0
4704,48,48,1.0
4535,36,36,1.0
1338,8,8,1.0
3389,16,16,1.0
2555,78,78,1.0
3060,12,12,1.0
4972,24,24,1.0
3142,123,123,1.0
3437,132,132,1.0
1118,24,24,1.0
1397,96,96,1.0
4913,20,20,1.0
346,24,24,1.0
3235,24,24,1.0
3529,36,36,1.0
3775,12,12,1.0
5019,12,12,1.0
1802,30,30,1.0
3528,24,24,1.0
4495,12,12,1.0
220,72,72,1.0
2607,72,72,1.0
1970,10,10,1.0
1870,12,12,1.0
2300,9,9,1.0
1738,24,24,1.0
2458,24,24,1.0
4035,12,12,1.0
1324,24,24,1.0
3977,24,24,1.0
1608,24,24,1.0
2488,12,12,1.0
2814,24,24,1.0
616,27,27,1.0
4967,24,24,1.0
439,36,36,1.0
376,12,12,1.0
3403,168,168,1.0
2571,12,12,1.0
999,72,72,1.0
2172,12,12,1.0
3620,10,10,1.0
402,6,6,1.0
3377,24,24,1.0
4992,96,96,1.0
3838,576,576,1.0
2381,12,12,1.0
2195,12,12,1.0
613,40,40,1.0
5059,12,12,1.0
2530,27,27,1.0
118,96,96,1.0
2227,12,12,1.0
1390,8,8,1.0
1442,54,54,1.0
3817,12,12,1.0
634,80,80,1.0
957,96,96,1.0
1294,48,48,1.0
1216,108,108,1.0
2056,10,10,1.0
4925,12,12,1.0
1915,120,120,1.0
4283,108,108,1.0
4252,48,48,1.0
1060,192,192,1.0
1404,24,24,1.0
4844,96,96,1.0
4009,12,12,1.0
4532,24,24,1.0
3798,20,20,1.0
981,96,96,1.0
1306,12,12,1.0
1944,4,4,1.0
1056,192,192,1.0
2226,24,24,1.0
191,72,72,1.0
3412,84,84,1.0
1750,12,12,1.0
5026,70,70,1.0
2393,36,36,1.0
1851,72,72,1.0
2222,12,12,1.0
1116,24,24,1.0
5048,48,48,1.0
2014,4,4,1.0
494,144,144,1.0
1019,24,24,1.0
2374,36,36,1.0
2254,90,90,1.0
831,24,24,1.0
2908,60,60,1.0
2675,24,24,1.0
1902,48,48,1.0
4810,192,192,1.0
4951,40,40,1.0
4534,48,48,1.0
1704,60,60,1.0
3613,30,30,1.0
3344,48,48,1.0
3340,48,48,1.0
343,36,36,1.0
2818,24,24,1.0
5085,24,24,1.0
3398,20,20,1.0
1891,24,24,1.0
4515,36,36,1.0
3026,24,24,1.0
1976,4,4,1.0
4780,48,48,1.0
5102,48,48,1.0
669,48,48,1.0
1812,96,96,1.0
2088,12,12,1.0
3857,120,120,1.0
1015,24,24,1.0
2103,12,12,1.0
3565,18,18,1.0
1509,12,12,1.0
2198,12,12,1.0
1359,48,48,1.0
1423,24,24,1.0
3021,48,48,1.0
1357,16,16,1.0
1501,6,6,1.0
3869,10,10,1.0
719,24,24,1.0
4135,80,80,1.0
3749,20,20,1.0
3198,12,12,1.0
2821,48,48,1.0
1960,12,12,1.0
4116,24,24,1.0
2645,24,24,1.0
4954,192,192,1.0
620,16,16,1.0
3007,60,60,1.0
3056,36,36,1.0
1067,192,192,1.0
4369,20,20,1.0
328,12,12,1.0
1379,8,8,1.0
4987,12,12,1.0
2636,12,12,1.0
4536,36,36,1.0
1242,48,48,1.0
1538,24,24,1.0
3600,10,10,1.0
392,24,24,1.0
2312,12,12,1.0
849,60,60,1.0
2692,12,12,1.0
2745,4,4,1.0
3174,96,96,1.0
4957,6,6,1.0
2907,60,60,1.0
729,40,40,1.0
4606,48,48,1.0
4175,60,60,1.0
3205,12,12,1.0
5091,60,60,1.0
3788,20,20,1.0
5032,72,72,1.0
4616,120,120,1.0
441,24,24,1.0
4023,24,24,1.0
337,48,48,1.0
4811,96,96,1.0
2546,12,12,1.0
4290,12,12,1.0
1275,60,60,1.0
4043,48,48,1.0
3008,48,48,1.0
1230,72,72,1.0
4352,30,30,1.0
714,12,12,1.0
2121,36,36,1.0
2796,24,24,1.0
1280,48,48,1.0
4468,12,12,1.0
1753,10,10,1.0
3459,24,24,1.0
3445,36,36,1.0
1276,48,48,1.0
2336,24,24,1.0
2212,54,54,1.0
891,60,60,1.0
2859,6,6,1.0
547,12,12,1.0
4725,48,48,1.0
2625,24,24,1.0
3843,96,96,1.0
3945,10,10,1.0
1190,72,72,1.0
2355,48,48,1.0
4230,80,80,1.0
2683,12,12,1.0
478,96,96,1.0
4932,15,15,1.0
2512,54,54,1.0
3160,264,264,1.0
1134,96,96,1.0
1409,12,12,1.0
1579,36,36,1.0
5086,120,120,1.0
3500,48,48,1.0
2462,48,48,1.0
3644,14,14,1.0
2000,12,12,1.0
4582,36,36,1.0
2825,48,48,1.0
4354,60,60,1.0
1670,12,12,1.0
4189,6,6,1.0
3407,48,48,1.0
3991,24,24,1.0
3760,24,24,1.0
418,12,12,1.0
3678,10,10,1.0
4093,36,36,1.0
1213,48,48,1.0
2852,72,72,1.0
2980,102,102,1.0
798,60,60,1.0
1122,36,36,1.0
1778,24,24,1.0
1924,6,6,1.0
4386,192,192,1.0
4644,144,144,1.0
2718,12,12,1.0
1321,3,3,1.0
1244,48,48,1.0
2038,18,18,1.0
1834,48,48,1.0
1318,48,48,1.0
3683,24,24,1.0
4625,12,12,1.0
3533,648,648,1.0
2366,36,36,1.0
1271,144,144,1.0
4393,12,12,1.0
4718,20,20,1.0
1707,12,12,1.0
1031,24,24,1.0
4299,12,12,1.0
1862,24,24,1.0
1147,144,144,1.0
1868,24,24,1.0
1665,12,12,1.0
1204,6,6,1.0
4399,6,6,1.0
3511,12,12,1.0
3625,12,12,1.0
411,45,45,1.0
4459,48,48,1.0
2325,18,18,1.0
3594,30,30,1.0
3846,12,12,1.0
660,36,36,1.0
1105,96,96,1.0
166,72,72,1.0
4953,60,60,1.0
4408,36,36,1.0
1744,12,12,1.0
3663,6,6,1.0
2919,48,48,1.0
3291,72,72,1.0
4576,24,24,1.0
2781,12,12,1.0
2522,48,48,1.0
3338,24,24,1.0
4285,12,12,1.0
1549,12,12,1.0
3522,192,192,1.0
3405,96,96,1.0
4663,48,48,1.0
4360,96,96,1.0
3478,32,32,1.0
1566,12,12,1.0
1825,24,24,1.0
4507,72,72,1.0
4340,84,84,1.0
3084,12,12,1.0
571,20,20,1.0
3292,72,72,1.0
1814,24,24,1.0
3134,90,90,1.0
2376,36,36,1.0
4928,24,24,1.0
5084,24,24,1.0
4918,24,24,1.0
3183,48,48,1.0
4280,24,24,1.0
718,48,48,1.0
3833,96,96,1.0
2904,48,48,1.0
3230,72,72,1.0
4857,1200,1200,1.0
369,12,12,1.0
4355,30,30,1.0
3744,12,12,1.0
3382,36,36,1.0
5105,12,12,1.0
678,10,10,1.0
4600,48,48,1.0
4840,96,96,1.0
3209,192,192,1.0
2817,48,48,1.0
1006,36,36,1.0
3154,66,66,1.0
1702,20,20,1.0
1288,48,48,1.0
3297,72,72,1.0
4244,48,48,1.0
143,168,168,1.0
3164,48,48,1.0
1503,90,90,1.0
980,24,24,1.0
2923,72,72,1.0
2319,24,24,1.0
5003,60,60,1.0
2671,24,24,1.0
2064,20,20,1.0
4424,84,84,1.0
2804,12,12,1.0
1953,4,4,1.0
1469,12,12,1.0
3770,40,40,1.0
3734,12,12,1.0
1210,12,12,1.0
3985,12,12,1.0
2013,16,16,1.0
3736,45,45,1.0
2096,24,24,1.0
4994,72,72,1.0
3375,12,12,1.0
2499,24,24,1.0
3755,10,10,1.0
4079,20,20,1.0
2946,24,24,1.0
2887,84,84,1.0
4869,20,20,1.0
332,24,24,1.0
3233,48,48,1.0
640,24,24,1.0
3246,36,36,1.0
1580,24,24,1.0
2264,12,12,1.0
4199,60,60,1.0
1459,6,6,1.0
2717,12,12,1.0
1420,48,48,1.0
3716,48,48,1.0
4185,24,24,1.0
3592,24,24,1.0
2473,168,168,1.0
3636,12,12,1.0
1381,48,48,1.0
4505,48,48,1.0
3383,36,36,1.0
3477,72,72,1.0
1526,24,24,1.0
1600,24,24,1.0
4117,10,10,1.0
828,60,60,1.0
2424,36,36,1.0
2595,120,120,1.0
2120,12,12,1.0
3179,96,96,1.0
2643,12,12,1.0
800,20,20,1.0
1498,12,12,1.0
344,24,24,1.0
2553,27,27,1.0
3197,12,12,1.0
2822,24,24,1.0
2102,9,9,1.0
3738,24,24,1.0
3069,54,54,1.0
3672,36,36,1.0
5037,60,60,1.0
1584,48,48,1.0
1250,48,48,1.0
2509,27,27,1.0
516,12,12,1.0
2412,12,12,1.0
1328,6,6,1.0
1764,12,12,1.0
1606,48,48,1.0
674,20,20,1.0
1909,48,48,1.0
4635,6,6,1.0
4594,12,12,1.0
2017,12,12,1.0
3427,48,48,1.0
4555,9,9,1.0
1722,12,12,1.0
474,60,60,1.0
3981,24,24,1.0
3191,48,48,1.0
1651,12,12,1.0
4866,36,36,1.0
2896,48,48,1.0
4069,12,12,1.0
681,24,24,1.0
2648,12,12,1.0
4539,72,72,1.0
4611,48,48,1.0
1616,12,12,1.0
1214,48,48,1.0
4482,12,12,1.0
2629,36,36,1.0
4653,48,48,1.0
1205,6,6,1.0
2830,24,24,1.0
3866,6,6,1.0
2797,24,24,1.0
2484,12,12,1.0
1918,36,36,1.0
2985,48,48,1.0
1941,8,8,1.0
961,48,48,1.0
2453,36,36,1.0
726,60,60,1.0
245,48,48,1.0
4394,12,12,1.0
1954,6,6,1.0
3410,48,48,1.0
1541,12,12,1.0
4018,6,6,1.0
4661,12,12,1.0
3066,360,360,1.0
2810,72,72,1.0
2292,9,9,1.0
1554,144,144,1.0
765,20,20,1.0
231,192,192,1.0
2151,24,24,1.0
1187,192,192,1.0
1293,24,24,1.0
3648,528,528,1.0
1551,24,24,1.0
1298,72,72,1.0
2293,48,48,1.0
3801,40,40,1.0
4728,36,36,1.0
4192,12,12,1.0
1627,24,24,1.0
1935,12,12,1.0
1899,12,12,1.0
1350,48,48,1.0
2855,36,36,1.0
3673,20,20,1.0
901,60,60,1.0
3447,24,24,1.0
1322,24,24,1.0
4819,16,16,1.0
1531,24,24,1.0
1304,48,48,1.0
423,6,6,1.0
3380,54,54,1.0
3161,60,60,1.0
2305,36,36,1.0
4110,10,10,1.0
1289,270,270,1.0
2639,12,12,1.0
31,108,108,1.0
1641,12,12,1.0
2213,12,12,1.0
4413,6,6,1.0
1699,24,24,1.0
2769,24,24,1.0
3367,12,12,1.0
4868,20,20,1.0
4108,12,12,1.0
4917,12,12,1.0
3332,72,72,1.0
1735,12,12,1.0
1731,12,12,1.0
5096,12,12,1.0
4859,192,192,1.0
3255,60,60,1.0
2898,36,36,1.0
4170,12,12,1.0
5033,128,128,1.0
4508,24,24,1.0
1900,40,40,1.0
3257,70,70,1.0
1587,36,36,1.0
3767,60,60,1.0
3224,48,48,1.0
4269,8,8,1.0
4562,60,60,1.0
1427,12,12,1.0
4660,12,12,1.0
1524,24,24,1.0
4528,12,12,1.0
1623,48,48,1.0
3687,640,640,1.0
3939,36,36,1.0
4102,36,36,1.0
1578,36,36,1.0
4373,276,276,1.0
4041,6,6,1.0
2039,18,18,1.0
4090,24,24,1.0
4991,36,36,1.0
2901,36,36,1.0
4703,60,60,1.0
510,360,360,1.0
5007,60,60,1.0
3517,12,12,1.0
3686,24,24,1.0
2407,24,24,1.0
3349,24,24,1.0
1516,12,12,1.0
3408,144,144,1.0
725,20,20,1.0
1479,24,24,1.0
4273,10,10,1.0
2158,12,12,1.0
399,12,12,1.0
2425,24,24,1.0
4484,12,12,1.0
3609,15,15,1.0
1988,4,4,1.0
4882,96,96,1.0
4516,12,12,1.0
2518,54,54,1.0
949,48,48,1.0
1273,144,144,1.0
2261,12,12,1.0
2969,48,48,1.0
1425,72,72,1.0
1980,6,6,1.0
2138,24,24,1.0
3561,60,60,1.0
4064,8,8,1.0
1773,16,16,1.0
1408,24,24,1.0
4848,24,24,1.0
3302,54,54,1.0
3584,24,24,1.0
1957,6,6,1.0
4551,24,24,1.0
3494,12,12,1.0
3827,200,200,1.0
4969,20,20,1.0
1595,12,12,1.0
3385,48,48,1.0
656,10,10,1.0
1553,12,12,1.0
3107,12,12,1.0
3628,25,25,1.0
2541,16,16,1.0
4692,96,96,1.0
2909,48,48,1.0
2352,16,16,1.0
351,24,24,1.0
4167,6,6,1.0
3319,48,48,1.0
1923,12,12,1.0
2788,12,12,1.0
3055,90,90,1.0
1922,6,6,1.0
2798,12,12,1.0
3321,18,18,1.0
2177,24,24,1.0
4222,24,24,1.0
3350,48,48,1.0
3864,72,72,1.0
2170,12,12,1.0
2694,12,12,1.0
3659,10,10,1.0
2720,12,12,1.0
1284,24,24,1.0
4790,36,36,1.0
3982,30,30,1.0
4830,144,144,1.0
4193,12,12,1.0
4929,40,40,1.0
3601,30,30,1.0
2396,16,16,1.0
2223,12,12,1.0
4756,72,72,1.0
1137,216,216,1.0
3905,24,24,1.0
3563,24,24,1.0
4908,144,144,1.0
1550,48,48,1.0
3064,16,16,1.0
2208,18,18,1.0
1051,72,72,1.0
677,48,48,1.0
1557,72,72,1.0
3660,96,96,1.0
4847,24,24,1.0
4357,126,126,1.0
3328,96,96,1.0
1561,18,18,1.0
2708,12,12,1.0
2730,24,24,1.0
3997,24,24,1.0
801,40,40,1.0
4648,8,8,1.0
4315,252,252,1.0
5114,6,6,1.0
2308,12,12,1.0
4197,24,24,1.0
3607,25,25,1.0
2367,12,12,1.0
2481,12,12,1.0
454,12,12,1.0
5101,12,12,1.0
3048,132,132,1.0
3499,12,12,1.0
325,108,108,1.0
2878,120,120,1.0
4188,24,24,1.0
3850,36,36,1.0
2873,72,72,1.0
3062,48,48,1.0
1225,24,24,1.0
2719,24,24,1.0
5110,72,72,1.0
1332,4,4,1.0
704,24,24,1.0
3668,24,24,1.0
3366,48,48,1.0
233,96,96,1.0
743,48,48,1.0
3032,45,45,1.0
3192,96,96,1.0
671,24,24,1.0
1087,48,48,1.0
2294,24,24,1.0
2616,104,104,1.0
4213,60,60,1.0
4420,12,12,1.0
1588,48,48,1.0
584,12,12,1.0
2478,12,12,1.0
1002,150,150,1.0
1926,36,36,1.0
3894,24,24,1.0
4879,100,100,1.0
2272,18,18,1.0
4092,12,12,1.0
1620,12,12,1.0
1098,48,48,1.0
4579,24,24,1.0
2978,48,48,1.0
1629,12,12,1.0
4201,12,12,1.0
1266,12,12,1.0
2187,24,24,1.0
1709,12,12,1.0
4593,180,180,1.0
4885,72,72,1.0
3595,12,12,1.0
4421,36,36,1.0
1331,12,12,1.0
2386,12,12,1.0
160,24,24,1.0
1589,12,12,1.0
4547,216,216,1.0
2482,12,12,1.0
4652,6,6,1.0
2490,12,12,1.0
4437,24,24,1.0
3263,24,24,1.0
3892,40,40,1.0
3825,24,24,1.0
2520,48,48,1.0
2357,12,12,1.0
4796,40,40,1.0
187,96,96,1.0
3468,24,24,1.0
2072,10,10,1.0
2486,288,288,1.0
3950,12,12,1.0
3300,120,120,1.0
3260,200,200,1.0
3158,300,300,1.0
2113,36,36,1.0
2339,24,24,1.0
1218,24,24,1.0
3995,12,12,1.0
3910,40,40,1.0
5058,12,12,1.0
1285,24,24,1.0
2775,24,24,1.0
3269,72,72,1.0
4878,108,108,1.0
4013,16,16,1.0
1395,72,72,1.0
3752,24,24,1.0
768,40,40,1.0
1684,24,24,1.0
340,24,24,1.0
3004,24,24,1.0
1053,24,24,1.0
673,12,12,1.0
4388,168,168,1.0
3254,48,48,1.0
2255,16,16,1.0
4295,30,30,1.0
5098,12,12,1.0
3800,20,20,1.0
1575,12,12,1.0
4979,24,24,1.0
3535,72,72,1.0
4679,12,12,1.0
2545,12,12,1.0
1837,48,48,1.0
1432,12,12,1.0
3461,64,64,1.0
4250,96,96,1.0
3689,24,24,1.0
2303,12,12,1.0
2591,28,28,1.0
2802,12,12,1.0
2068,20,20,1.0
2736,12,12,1.0
1966,8,8,1.0
1653,12,12,1.0
1446,6,6,1.0
4137,24,24,1.0
741,48,48,1.0
2594,165,165,1.0
4914,15,15,1.0
3299,72,72,1.0
2487,12,12,1.0
1857,48,48,1.0
1335,6,6,1.0
996,12,12,1.0
4739,36,36,1.0
1986,6,6,1.0
4033,6,6,1.0
4431,36,36,1.0
4860,144,144,1.0
436,24,24,1.0
3557,24,24,1.0
1297,96,96,1.0
4573,36,36,1.0
1512,12,12,1.0
2483,24,24,1.0
3203,6,6,1.0
4207,144,144,1.0
1495,12,12,1.0
1849,24,24,1.0
2288,36,36,1.0
3974,12,12,1.0
4816,192,192,1.0
1770,12,12,1.0
4126,12,12,1.0
2869,12,12,1.0
2427,39,39,1.0
4930,20,20,1.0
4149,12,12,1.0
1728,4,4,1.0
4154,12,12,1.0
5012,100,100,1.0
4916,30,30,1.0
1413,24,24,1.0
2337,24,24,1.0
4409,12,12,1.0
2387,12,12,1.0
2972,84,84,1.0
3115,96,96,1.0
1874,24,24,1.0
3512,12,12,1.0
1296,24,24,1.0
4317,252,252,1.0
3485,3,3,1.0
806,48,48,1.0
5116,18,18,1.0
2837,48,48,1.0
3599,24,24,1.0
3196,12,12,1.0
1377,24,24,1.0
3118,48,48,1.0
3630,12,12,1.0
4400,12,12,1.0
2626,40,40,1.0
779,24,24,1.0
3783,40,40,1.0
2153,24,24,1.0
3099,140,140,1.0
1178,12,12,1.0
1676,24,24,1.0
1967,6,6,1.0
4173,12,12,1.0
5106,12,12,1.0
5017,12,12,1.0
4862,16,16,1.0
3916,40,40,1.0
4501,24,24,1.0
1518,12,12,1.0
1853,96,96,1.0
4677,12,12,1.0
3266,72,72,1.0
2385,18,18,1.0
2310,12,12,1.0
3137,312,312,1.0
48,40,40,1.0
2492,24,24,1.0
2752,24,24,1.0
546,12,12,1.0
3927,24,24,1.0
1993,6,6,1.0
2620,24,24,1.0
1378,24,24,1.0
1656,12,12,1.0
772,12,12,1.0
3608,25,25,1.0
4709,48,48,1.0
1648,12,12,1.0
2410,24,24,1.0
3251,12,12,1.0
4447,12,12,1.0
3589,12,12,1.0
3102,24,24,1.0
3631,16,16,1.0
4685,24,24,1.0
4701,24,24,1.0
785,30,30,1.0
4031,6,6,1.0
3988,24,24,1.0
518,24,24,1.0
4118,18,18,1.0
2646,12,12,1.0
3315,84,84,1.0
4636,12,12,1.0
3524,12,12,1.0
4026,32,32,1.0
3757,90,90,1.0
1510,12,12,1.0
1392,24,24,1.0
2758,12,12,1.0
1659,12,12,1.0
2443,72,72,1.0
3262,72,72,1.0
3470,12,12,1.0
3586,108,108,1.0
3507,24,24,1.0
1368,24,24,1.0
920,48,48,1.0
703,40,40,1.0
3250,100,100,1.0
3429,36,36,1.0
4880,36,36,1.0
2274,12,12,1.0
3432,96,96,1.0
2575,104,104,1.0
1788,36,36,1.0
3679,10,10,1.0
384,12,12,1.0
3199,24,24,1.0
4490,24,24,1.0
4309,24,24,1.0
2045,18,18,1.0
4838,72,72,1.0
1833,24,24,1.0
1240,72,72,1.0
3697,20,20,1.0
1755,12,12,1.0
1528,12,12,1.0
1072,40,40,1.0
3915,24,24,1.0
4045,12,12,1.0
4572,36,36,1.0
1987,8,8,1.0
2801,18,18,1.0
4524,36,36,1.0
3120,60,60,1.0
3929,10,10,1.0
3832,150,150,1.0
4485,12,12,1.0
23,96,96,1.0
3647,12,12,1.0
2083,6,6,1.0
4609,36,36,1.0
136,96,96,1.0
75,48,48,1.0
2897,48,48,1.0
2242,12,12,1.0
4597,24,24,1.0
4129,14,14,1.0
1193,72,72,1.0
3324,24,24,1.0
3694,20,20,1.0
4599,24,24,1.0
3784,24,24,1.0
1991,8,8,1.0
3765,50,50,1.0
611,24,24,1.0
1310,48,48,1.0
1009,40,40,1.0
3434,12,12,1.0
5112,6,6,1.0
1607,48,48,1.0
962,18,18,1.0
1582,36,36,1.0
4279,24,24,1.0
2324,12,12,1.0
5023,24,24,1.0
2732,12,12,1.0
1873,30,30,1.0
1282,72,72,1.0
746,24,24,1.0
2958,48,48,1.0
3285,144,144,1.0
877,90,90,1.0
2999,36,36,1.0
2286,12,12,1.0
3175,192,192,1.0
4814,48,48,1.0
3227,48,48,1.0
2087,12,12,1.0
4456,12,12,1.0
2048,10,10,1.0
2271,18,18,1.0
3067,60,60,1.0
4742,72,72,1.0
3682,30,30,1.0
4430,36,36,1.0
4565,24,24,1.0
3722,40,40,1.0
3274,72,72,1.0
4665,48,48,1.0
1351,24,24,1.0
1795,12,12,1.0
3617,12,12,1.0
1211,6,6,1.0
1200,6,6,1.0
1562,24,24,1.0
157,48,48,1.0
4366,60,60,1.0
3155,84,84,1.0
3226,48,48,1.0
1630,36,36,1.0
2262,12,12,1.0
839,12,12,1.0
2463,24,24,1.0
767,12,12,1.0
711,24,24,1.0
3936,10,10,1.0
4308,252,252,1.0
4436,48,48,1.0
4412,12,12,1.0
1292,72,72,1.0
3256,60,60,1.0
107,96,96,1.0
1626,12,12,1.0
5073,5,5,1.0
2321,24,24,1.0
1319,12,12,1.0
683,10,10,1.0
3027,48,48,1.0
2524,60,60,1.0
5046,12,12,1.0
1569,36,36,1.0
4065,24,24,1.0
3363,96,96,1.0
2598,24,24,1.0
3335,24,24,1.0
1905,12,12,1.0
4226,16,16,1.0
4496,12,12,1.0
4890,1800,1800,1.0
1038,30,30,1.0
2266,8,8,1.0
2311,48,48,1.0
4028,12,12,1.0
5081,12,12,1.0
3457,24,24,1.0
3388,16,16,1.0
3018,60,60,1.0
4301,24,24,1.0
2900,36,36,1.0
362,12,12,1.0
2994,24,24,1.0
1529,12,12,1.0
3820,72,72,1.0
4518,6,6,1.0
2913,60,60,1.0
1168,24,24,1.0
467,12,12,1.0
3643,12,12,1.0
3538,60,60,1.0
3381,18,18,1.0
3700,12,12,1.0
4240,48,48,1.0
223,96,96,1.0
1903,24,24,1.0
581,24,24,1.0
4191,8,8,1.0
3753,12,12,1.0
4096,36,36,1.0
2584,32,32,1.0
2230,9,9,1.0
5028,84,84,1.0
3092,72,72,1.0
1504,6,6,1.0
3132,264,264,1.0
952,72,72,1.0
3326,24,24,1.0
3737,24,24,1.0
1254,72,72,1.0
3094,48,48,1.0
4345,126,126,1.0
3759,80,80,1.0
2251,12,12,1.0
4715,48,48,1.0
1856,72,72,1.0
1513,12,12,1.0
1307,48,48,1.0
2176,12,12,1.0
2078,6,6,1.0
1186,288,288,1.0
3876,60,60,1.0
3023,36,36,1.0
1965,6,6,1.0
1726,10,10,1.0
2942,24,24,1.0
4545,48,48,1.0
4288,12,12,1.0
4541,48,48,1.0
2880,120,120,1.0
1841,36,36,1.0
2421,42,42,1.0
3883,10,10,1.0
505,12,12,1.0
5045,48,48,1.0
1508,24,24,1.0
1628,12,12,1.0
1264,24,24,1.0
1700,32,32,1.0
1933,4,4,1.0
2835,48,48,1.0
3806,36,36,1.0
3239,24,24,1.0
3603,12,12,1.0
2713,6,6,1.0
715,16,16,1.0
2786,24,24,1.0
1391,8,8,1.0
586,16,16,1.0
4178,12,12,1.0
2762,12,12,1.0
3305,48,48,1.0
4209,12,12,1.0
482,8,8,1.0
1789,12,12,1.0
2155,18,18,1.0
955,10,10,1.0
1895,50,50,1.0
4849,36,36,1.0
1382,24,24,1.0
4825,20,20,1.0
2698,12,12,1.0
3693,12,12,1.0
2705,12,12,1.0
1697,24,24,1.0
1327,3,3,1.0
2941,48,48,1.0
4050,12,12,1.0
4753,96,96,1.0
2515,27,27,1.0
1389,24,24,1.0
2290,24,24,1.0
1258,24,24,1.0
2500,24,24,1.0
477,48,48,1.0
3645,8,8,1.0
3605,12,12,1.0
1593,48,48,1.0
2358,42,42,1.0
5074,5,5,1.0
1544,24,24,1.0
4005,24,24,1.0
2603,24,24,1.0
1852,24,24,1.0
2858,96,96,1.0
2111,12,12,1.0
3567,108,108,1.0
2173,12,12,1.0
3634,12,12,1.0
830,24,24,1.0
2091,8,8,1.0
2953,48,48,1.0
2988,24,24,1.0
2862,48,48,1.0
2514,27,27,1.0
1257,24,24,1.0
3139,168,168,1.0
752,40,40,1.0
2287,32,32,1.0
567,10,10,1.0
2506,24,24,1.0
3888,10,10,1.0
1356,24,24,1.0
4432,6,6,1.0
4073,12,12,1.0
2185,12,12,1.0
4458,12,12,1.0
907,12,12,1.0
4831,204,204,1.0
1383,24,24,1.0
4912,30,30,1.0
1343,6,6,1.0
4476,24,24,1.0
4372,138,138,1.0
3509,12,12,1.0
3506,24,24,1.0
3547,24,24,1.0
4208,12,12,1.0
4335,84,84,1.0
1229,96,96,1.0
4670,12,12,1.0
3624,12,12,1.0
1532,12,12,1.0
2166,24,24,1.0
3641,12,12,1.0
1235,12,12,1.0
5042,12,12,1.0
524,10,10,1.0
3992,24,24,1.0
4861,80,80,1.0
698,48,48,1.0
3341,24,24,1.0
4938,20,20,1.0
4988,12,12,1.0
1453,6,6,1.0
1884,40,40,1.0
4674,12,12,1.0
4492,12,12,1.0
3213,186,186,1.0
2816,12,12,1.0
1647,12,12,1.0
558,12,12,1.0
3908,10,10,1.0
1236,12,12,1.0
4359,84,84,1.0
1800,26,26,1.0
2922,12,12,1.0
2009,20,20,1.0
2171,24,24,1.0
4592,180,180,1.0
1914,84,84,1.0
4945,36,36,1.0
1885,50,50,1.0
3469,36,36,1.0
1300,48,48,1.0
4489,12,12,1.0
2996,36,36,1.0
2430,24,24,1.0
2207,12,12,1.0
4779,24,24,1.0
4401,6,6,1.0
1869,96,96,1.0
4206,48,48,1.0
4615,60,60,1.0
3342,24,24,1.0
2320,18,18,1.0
2930,72,72,1.0
2236,12,12,1.0
1412,48,48,1.0
2175,24,24,1.0
3829,24,24,1.0
2331,12,12,1.0
440,24,24,1.0
3426,8,8,1.0
4888,48,48,1.0
3270,60,60,1.0
3129,96,96,1.0
3943,30,30,1.0
2114,18,18,1.0
3450,48,48,1.0
4212,6,6,1.0
2356,24,24,1.0
1552,12,12,1.0
3121,72,72,1.0
358,8,8,1.0
4139,12,12,1.0
3011,48,48,1.0
4128,10,10,1.0
5024,48,48,1.0
3587,96,96,1.0
4461,24,24,1.0
1669,12,12,1.0
1767,14,14,1.0
3772,40,40,1.0
4296,24,24,1.0
1959,12,12,1.0
367,24,24,1.0
4075,60,60,1.0
2710,12,12,1.0
4276,24,24,1.0
4801,24,24,1.0
3303,72,72,1.0
2237,24,24,1.0
3438,130,130,1.0
4307,84,84,1.0
2931,48,48,1.0
3513,12,12,1.0
5080,12,12,1.0
275,48,48,1.0
4955,96,96,1.0
2531,27,27,1.0
4219,12,12,1.0
4561,40,40,1.0
2479,24,24,1.0
3559,30,30,1.0
2674,24,24,1.0
1571,36,36,1.0
1400,48,48,1.0
3165,48,48,1.0
1429,12,12,1.0
3844,144,144,1.0
4442,24,24,1.0
1996,4,4,1.0
4462,12,12,1.0
3057,72,72,1.0
4892,10,10,1.0
1983,6,6,1.0
2219,12,12,1.0
5077,12,12,1.0
3729,24,24,1.0
4398,18,18,1.0
2369,12,12,1.0
3990,12,12,1.0
4673,36,36,1.0
2749,12,12,1.0
2654,16,16,1.0
3855,60,60,1.0
4522,36,36,1.0
3261,100,100,1.0
3331,384,384,1.0
598,24,24,1.0
1819,24,24,1.0
1119,24,24,1.0
1177,16,16,1.0
2123,36,36,1.0
4782,36,36,1.0
1434,24,24,1.0
3455,36,36,1.0
5057,12,12,1.0
3351,24,24,1.0
3114,80,80,1.0
2751,12,12,1.0
4526,12,12,1.0
1050,48,48,1.0
5050,48,48,1.0
3240,12,12,1.0
2489,12,12,1.0
3365,144,144,1.0
1827,96,96,1.0
3808,6,6,1.0
3858,60,60,1.0
1635,12,12,1.0
1385,24,24,1.0
5090,60,60,1.0
3212,312,312,1.0
1483,24,24,1.0
5011,140,140,1.0
139,96,96,1.0
4224,48,48,1.0
3519,12,12,1.0
2297,12,12,1.0
3698,12,12,1.0
4142,12,12,1.0
3830,24,24,1.0
3104,12,12,1.0
2168,12,12,1.0
1741,12,12,1.0
4469,12,12,1.0
475,96,96,1.0
1387,24,24,1.0
4895,24,24,1.0
2842,102,102,1.0
1760,12,12,1.0
2658,24,24,1.0
3333,72,72,1.0
3966,12,12,1.0
1979,9,9,1.0
2630,36,36,1.0
2566,444,444,1.0
3809,12,12,1.0
1943,6,6,1.0
1352,24,24,1.0
1161,96,96,1.0
1714,12,12,1.0
3237,12,12,1.0
4451,6,6,1.0
1388,24,24,1.0
4531,12,12,1.0
2265,12,12,1.0
2912,66,66,1.0
2062,10,10,1.0
3244,48,48,1.0
5061,24,24,1.0
5072,36,36,1.0
2659,36,36,1.0
4924,24,24,1.0
5025,24,24,1.0
2460,24,24,1.0
3101,24,24,1.0
3728,24,24,1.0
4549,24,24,1.0
626,20,20,1.0
2872,24,24,1.0
619,10,10,1.0
1938,8,8,1.0
3029,72,72,1.0
1829,60,60,1.0
2604,104,104,1.0
4513,12,12,1.0
4775,96,96,1.0
2278,12,12,1.0
3938,10,10,1.0
2991,36,36,1.0
1792,12,12,1.0
2954,42,42,1.0
3003,48,48,1.0
3044,48,48,1.0
2206,12,12,1.0
4112,12,12,1.0
2411,36,36,1.0
1765,12,12,1.0
3320,72,72,1.0
4264,24,24,1.0
4687,48,48,1.0
404,6,6,1.0
1934,6,6,1.0
4165,24,24,1.0
2317,18,18,1.0
4813,24,24,1.0
3444,48,48,1.0
3074,12,12,1.0
3211,120,120,1.0
5087,60,60,1.0
1411,2,2,1.0
283,24,24,1.0
3516,36,36,1.0
2893,36,36,1.0
1447,6,6,1.0
3610,12,12,1.0
2866,72,72,1.0
1590,12,12,1.0
3639,10,10,1.0
4161,4,4,1.0
4103,8,8,1.0
3725,12,12,1.0
1460,6,6,1.0
2220,24,24,1.0
4771,12,12,1.0
605,12,12,1.0
3163,48,48,1.0
3756,40,40,1.0
2416,12,12,1.0
2035,20,20,1.0
1690,20,20,1.0
2891,36,36,1.0
3242,108,108,1.0
2456,24,24,1.0
1325,24,24,1.0
4691,200,200,1.0
3920,12,12,1.0
2351,6,6,1.0
3629,10,10,1.0
4607,36,36,1.0
3243,48,48,1.0
2231,12,12,1.0
1199,24,24,1.0
3961,12,12,1.0
1901,24,24,1.0
4109,10,10,1.0
4094,48,48,1.0
1466,12,12,1.0
4293,60,60,1.0
2304,42,42,1.0
2562,228,228,1.0
4044,12,12,1.0
1574,36,36,1.0
4700,24,24,1.0
4015,12,12,1.0
4754,96,96,1.0
3692,12,12,1.0
3762,12,12,1.0
2419,24,24,1.0
4127,12,12,1.0
4402,16,16,1.0
3492,12,12,1.0
1462,6,6,1.0
3490,36,36,1.0
2596,120,120,1.0
1535,40,40,1.0
1904,72,72,1.0
2861,48,48,1.0
4757,96,96,1.0
3106,12,12,1.0
2431,60,60,1.0
1473,12,12,1.0
3352,12,12,1.0
4062,24,24,1.0
4444,36,36,1.0
2145,12,12,1.0
4120,6,6,1.0
1265,24,24,1.0
4770,36,36,1.0
4017,6,6,1.0
1645,80,80,1.0
3259,72,72,1.0
2057,20,20,1.0
1206,48,48,1.0
5060,12,12,1.0
2179,24,24,1.0
3853,60,60,1.0
1786,12,12,1.0
1133,48,48,1.0
4765,60,60,1.0
2049,20,20,1.0
2275,12,12,1.0
2783,12,12,1.0
1808,30,30,1.0
1691,24,24,1.0
4150,12,12,1.0
2581,28,28,1.0
2784,12,12,1.0
4132,12,12,1.0
3153,36,36,1.0
3310,48,48,1.0
1876,30,30,1.0
3797,36,36,1.0
1858,12,12,1.0
2679,24,24,1.0
2263,12,12,1.0
3670,24,24,1.0
3792,20,20,1.0
2561,28,28,1.0
2927,12,12,1.0
1196,210,210,1.0
1270,48,48,1.0
1969,6,6,1.0
1831,20,20,1.0
3735,12,12,1.0
3575,10,10,1.0
2611,24,24,1.0
1619,24,24,1.0
2540,8,8,1.0
4060,40,40,1.0
5095,60,60,1.0
2118,18,18,1.0
3574,12,12,1.0
2384,6,6,1.0
4214,12,12,1.0
4941,30,30,1.0
2892,36,36,1.0
3548,24,24,1.0
4221,24,24,1.0
4470,12,12,1.0
2140,12,12,1.0
287,72,72,1.0
320,12,12,1.0
2143,12,12,1.0
3823,60,60,1.0
3556,6,6,1.0
1674,12,12,1.0
4946,36,36,1.0
4805,54,54,1.0
342,10,10,1.0
1906,12,12,1.0
4011,16,16,1.0
3441,48,48,1.0
1121,24,24,1.0
3837,318,318,1.0
5062,12,12,1.0
2918,36,36,1.0
3090,48,48,1.0
1754,12,12,1.0
989,60,60,1.0
3898,20,20,1.0
3474,18,18,1.0
2746,12,12,1.0
1140,72,72,1.0
1074,24,24,1.0
3223,6,6,1.0
1865,12,12,1.0
2782,18,18,1.0
1637,12,12,1.0
1821,24,24,1.0
1838,24,24,1.0
